"","varname","mean_null","random_null","AWIESM1","AWIESM2","CCSM4-UofT","CESM1-2","iLOVECLIM-GLAC","iLOVECLIM-ICE","INM-CM4-8","IPSLCM5A2","MIROC-ES2L","MPI-ESM1-2"
"step1","gdd5_anom","1","1.37562896479137","0.626957444371362","0.639292716539207","0.699046807655094","1.03414753005506","0.745468857533369","0.821420121120677","0.623102095432108","0.81231322910844","0.769906488748346","0.571041844717642"
"step2","gdd5_anom","1","1.37562896479137","0.628347252818875","0.597967486800179","0.691426871418395","0.573486986672537","0.728737311453526","0.779905329167074","0.523030827494945","0.581334348945803","0.621628675657029","0.567901418631862"
"step3","gdd5_anom","1","1.37562896479137","0.672182975065507","0.642453714443378","0.7532907838721","0.560891477866855","0.793443929633669","0.817132879364978","0.513909499494109","0.56213581868005","0.63224750233665","0.601911877858979"
