"","varname","mean_null","random_null","AWIESM1","AWIESM2","CCSM4-UofT","CESM1-2","iLOVECLIM-GLAC","iLOVECLIM-ICE","INM-CM4-8","IPSLCM5A2","MIROC-ES2L","MPI-ESM1-2"
"step1","gdd5_anom","1","1.38831770999742","1.15786088711123","1.06596728836719","1.33464026998211","1.29597467554779","1.88439450889609","2.02939508783106","1.0789733682887","1.4526477000411","1.27420456891127","1.07513019729903"
"step2","gdd5_anom","1","1.38831770999742","1.15406776075421","1.020212736584","1.19503105747007","0.990402546170416","1.13258243070397","1.20403862648072","1.03930956626659","0.989618483811514","1.23816621134508","1.07863062852814"
"step3","gdd5_anom","1","1.38831770999742","1.23486252470859","1.13900085577319","1.31196090971078","1.06826677352071","1.38967301855612","1.44600992586899","1.04855684472207","0.981929436130915","1.3983749470939","1.13631514106233"
