"","varname","mean_null","random_null","AWIESM1","AWIESM2","CCSM4-UofT","CESM1-2","iLOVECLIM-GLAC","iLOVECLIM-ICE","INM-CM4-8","IPSLCM5A2","MIROC-ES2L","MPI-ESM1-2"
"step1","gdd5_anom","1","1.41482284765256","0.856752960472152","0.789726757351958","0.832874787862765","1.01430033182721","0.782147525564016","0.824719383028931","0.714644819583209","0.776018439080696","0.850205468663184","0.642171866108089"
"step2","gdd5_anom","1","1.41482284765256","0.77653128486773","0.631469605801783","0.837891151817059","0.559280939750263","0.740784102695454","0.791246044991358","0.713432728465514","0.576176576048388","0.847538772988555","0.629422424527835"
"step3","gdd5_anom","1","1.41482284765256","0.821337748247709","0.670040640649748","0.865220808729092","0.570914249541811","0.851392240245022","0.878462504847694","0.719216754903849","0.580038386889456","0.890424213304383","0.656994258109181"
