"","varname","mean_null","random_null","AWIESM1","AWIESM2","CCSM4-UofT","CESM1-2","iLOVECLIM-GLAC","iLOVECLIM-ICE","INM-CM4-8","IPSLCM5A2","MIROC-ES2L","MPI-ESM1-2"
"step1","gdd5_anom","1","1.42731064429506","1.11813458907672","0.959587034840767","1.11878907033347","1.6663980729785","1.37150239987687","1.50325728477153","1.24471936603222","1.95435114096741","1.10463755314927","1.13004097604705"
"step2","gdd5_anom","1","1.42731064429506","1.1019319154987","0.975849409206751","1.13108688352376","0.960712679077974","1.02746052724337","1.09453436115764","0.99567099709243","0.919850681567901","1.13737411987844","1.0508462676976"
"step3","gdd5_anom","1","1.42731064429506","1.19079378035385","1.09751700194123","1.25489941165873","1.04993178349134","1.36592233154046","1.40614034887919","1.01618375136731","0.924831247291575","1.30259944041483","1.11890761847357"
