"","varname","mean_null","random_null","AWIESM1","AWIESM2","CCSM4-UofT","CESM1-2","iLOVECLIM-GLAC","iLOVECLIM-ICE","INM-CM4-8","IPSLCM5A2","MIROC-ES2L","MPI-ESM1-2"
"step1","gdd5_anom","1","1.38066454483471","0.656884985597771","0.762980279909658","0.679026701355269","0.788864550499924","0.649556509438752","0.704094258778875","0.49455678382243","0.611852470170947","0.58788515597968","0.583913722783617"
"step2","gdd5_anom","1","1.38066454483471","0.619649903199214","0.589697289913995","0.69224073564493","0.551756671117038","0.682241911254591","0.733568055976006","0.484595501264485","0.534497419334099","0.55579285941873","0.556497941812453"
"step3","gdd5_anom","1","1.38066454483471","0.666206531971303","0.637637760429656","0.757649157872432","0.556966488644107","0.754605349511159","0.790203452667386","0.488536996574106","0.538541983787743","0.586006534164575","0.591231561070867"
