"","varname","mean_null","random_null","AWIESM1","AWIESM2","CCSM4-UofT","CESM1-2","iLOVECLIM-GLAC","iLOVECLIM-ICE","INM-CM4-8","IPSLCM5A2","MIROC-ES2L","MPI-ESM1-2"
"step1","gdd5_anom","1","1.41442519777387","1.80087334108213","1.84895068433901","2.3805181019307","1.98670981206101","1.49586736275738","1.60680548400163","1.59497442392082","1.5325100821249","1.75344266182174","1.81657300955959"
"step2","gdd5_anom","1","1.41442519777387","1.32223596432007","1.17353845016545","2.18646730886904","1.09475455926771","1.03061197563004","1.04340648157399","1.26062159597771","1.38357293229876","1.10746239948689","1.20934099280256"
"step3","gdd5_anom","1","1.41442519777387","1.59824428157826","1.42666426144749","1.41035003459298","1.38709650929948","1.3882694951217","1.39893945623186","1.25088622445516","1.14230283164487","1.45897298667053","1.14538676913451"
