"","varname","mean_null","random_null","AWIESM1","AWIESM2","CCSM4-UofT","CESM1-2","iLOVECLIM-GLAC","iLOVECLIM-ICE","INM-CM4-8","IPSLCM5A2","MIROC-ES2L","MPI-ESM1-2"
"step1","gdd5_anom","1","1.44592764275144","1.75362246404488","2.31818936305412","1.34360590346912","1.9850264106875","1.87276677391618","2.22957221972348","0.98793602548365","0.901267166689722","1.47149097336271","1.4684680479251"
"step2","gdd5_anom","1","1.44592764275144","0.984773332640735","0.939322751187886","1.36420754157082","1.37302026429405","1.68433011716809","2.59798471662503","0.989609183815194","0.901969911803946","1.35862260768281","1.01088678735182"
"step3","gdd5_anom","1","1.44592764275144","1.17372432296479","1.11700491619847","1.40657543813523","1.38753367330386","0.842329183153759","0.982775864678843","0.953439994996911","0.975814593900307","1.37063683898538","1.10915896268439"
