"","varname","mean_null","random_null","AWIESM1","AWIESM2","CCSM4-UofT","CESM1-2","iLOVECLIM-GLAC","iLOVECLIM-ICE","INM-CM4-8","IPSLCM5A2","MIROC-ES2L","MPI-ESM1-2"
"step1","gdd5_anom","1","1.37722875088076","0.937399925286118","1.18789164065366","0.899868699982877","0.748775157914791","0.729043049421141","0.766833165213319","0.64299660159021","0.5433909112206","0.58493230524439","0.817715436171356"
"step2","gdd5_anom","1","1.37722875088076","0.726599553061747","0.656478801826086","0.915620226824694","0.682751503132122","0.746146730955009","0.736270872117244","0.614919623470345","0.541426046945876","0.585292635033685","0.609530512531002"
"step3","gdd5_anom","1","1.37722875088076","0.838321081656815","0.766709138618232","1.03192512355733","0.758626849786861","0.817493910803751","0.789272903490549","0.707724501355484","0.584227545908276","0.567824411421472","0.651721699145666"
