"","varname","mean_null","random_null","AWIESM1","AWIESM2","CCSM4-UofT","CESM1-2","iLOVECLIM-GLAC","iLOVECLIM-ICE","INM-CM4-8","IPSLCM5A2","MIROC-ES2L","MPI-ESM1-2"
"step1","gdd5_anom","1","1.35990769622601","0.779098190014252","0.964330161755213","0.884151519206147","1.10490035778583","0.809687296489301","0.788070585763683","0.693325004069123","0.788565286956176","0.804111334877552","0.619083637674365"
"step2","gdd5_anom","1","1.35990769622601","0.747926101064273","0.672339919983093","0.901138011880356","0.708216553935216","0.786664494938516","0.799165114071264","0.646151921054634","0.608146845177804","0.680628033113072","0.594637836323013"
"step3","gdd5_anom","1","1.35990769622601","0.828432885543533","0.745751670836039","1.01330472234058","0.798880326726247","0.836712275789799","0.816242243908161","0.735674679969502","0.633005959159419","0.581281046248993","0.632069444870957"
