"","varname","mean_null","random_null","AWIESM1","AWIESM2","CCSM4-UofT","CESM1-2","iLOVECLIM-GLAC","iLOVECLIM-ICE","INM-CM4-8","IPSLCM5A2","MIROC-ES2L","MPI-ESM1-2"
"step1","gdd5_anom","1","1.37868087510299","0.763778347664653","0.902291174675571","0.713016329871905","0.631106357712716","0.659996543789929","0.700284584954299","0.488977119315968","0.518432972182186","0.516596198647842","0.683568895352025"
"step2","gdd5_anom","1","1.37868087510299","0.624444227494537","0.595125189015703","0.70840456721213","0.559832448423826","0.654568472712052","0.707206542842359","0.475798913706106","0.518429458780512","0.516877347710877","0.569849779579362"
"step3","gdd5_anom","1","1.37868087510299","0.677046440471064","0.648271061825835","0.770748431116335","0.578988835694382","0.731387410956362","0.770648503878528","0.489528683976851","0.541139297368889","0.563766969694783","0.605824667389599"
