"","varname","mean_null","random_null","AWIESM1","AWIESM2","CCSM4-UofT","CESM1-2","iLOVECLIM-GLAC","iLOVECLIM-ICE","INM-CM4-8","IPSLCM5A2","MIROC-ES2L","MPI-ESM1-2"
"step1","gdd5_anom","1","1.35969712743434","1.19258927623498","1.21246389676827","1.03370318503234","0.564869040199154","1.02002077395599","1.03809103826976","0.898520936372121","0.606188211196987","1.00005310581471","0.985098046714205"
"step2","gdd5_anom","1","1.35969712743434","0.849394165134516","0.718193725393814","0.843104076499533","0.565258205330938","0.801476477209733","0.845335139725663","0.765259887622433","0.57743570588061","0.901942042303836","0.703951551081674"
"step3","gdd5_anom","1","1.35969712743434","0.88541263435589","0.700747224759166","0.902169334844007","0.563367084968553","0.889569211397638","0.917511432245736","0.804511814559472","0.577599839387881","0.972473122760991","0.690771422886566"
