"","varname","mean_null","random_null","AWIESM1","AWIESM2","CCSM4-UofT","CESM1-2","iLOVECLIM-GLAC","iLOVECLIM-ICE","INM-CM4-8","IPSLCM5A2","MIROC-ES2L","MPI-ESM1-2"
"step1","gdd5_anom","1","1.41279906251988","3.82668415169288","3.60372773454127","3.12119344787662","1.35116092929079","3.07149508821596","3.07902649557477","2.44454213574281","1.58193590880413","3.11405191059288","3.05885692376247"
"step2","gdd5_anom","1","1.41279906251988","0.922817939199965","0.859763330327312","1.18740689356984","0.832113767707919","0.511519288322749","0.519656075369781","0.881939263496897","0.820539643201829","0.672123336167673","0.88747091544028"
"step3","gdd5_anom","1","1.41279906251988","0.899676304820083","0.915006162204888","1.10239234998996","0.814810538554051","0.49837996922798","0.516812659537423","0.594170519945996","0.833241452307231","0.631897662661546","0.964453461712081"
