"","varname","mean_null","random_null","AWIESM1","AWIESM2","CCSM4-UofT","CESM1-2","iLOVECLIM-GLAC","iLOVECLIM-ICE","INM-CM4-8","IPSLCM5A2","MIROC-ES2L","MPI-ESM1-2"
"step1","gdd5_anom","1","1.36300517438094","1.90594416409784","1.68437940163644","1.48551002499402","1.08164202030127","1.14786626591968","1.16300541218992","1.00610759091998","0.945104554253019","1.22514065689741","1.21413882434274"
"step2","gdd5_anom","1","1.36300517438094","0.936335783041439","0.866551234589245","1.15301394889283","0.818842777794069","0.527363168102149","0.548708917014132","0.978342605422058","0.797059339709126","0.734594075828072","0.895578255768522"
"step3","gdd5_anom","1","1.36300517438094","0.894834241348972","0.927330920413741","1.05113000129044","0.81626372271842","0.569040451028762","0.602446309226673","0.64330043244531","0.818697454236379","0.666760083139797","0.992621810190715"
