"","varname","mean_null","random_null","AWIESM1","AWIESM2","CCSM4-UofT","CESM1-2","iLOVECLIM-GLAC","iLOVECLIM-ICE","INM-CM4-8","IPSLCM5A2","MIROC-ES2L","MPI-ESM1-2"
"step1","gdd5_anom","1","1.31883482589579","2.63563405084528","2.34937791302709","1.84294748917814","0.693598777984006","1.97723783336112","1.9280720416642","1.33367185275777","0.669319851065888","1.93222175211414","1.72375218947468"
"step2","gdd5_anom","1","1.31883482589579","0.778919279512003","0.818915475276867","0.932189612489996","0.703151289028324","0.40944886120943","0.403739133797228","0.545691118042572","0.641829112854872","0.448557281219633","0.809351888538655"
"step3","gdd5_anom","1","1.31883482589579","0.79860740933104","0.910989847431514","1.01048831134551","0.603841992217535","0.41028650710742","0.401644013535017","0.369393171858533","0.605423149140583","0.445980718111397","0.874883134373102"
