"","varname","mean_null","random_null","AWIESM1","AWIESM2","CCSM4-UofT","CESM1-2","iLOVECLIM-GLAC","iLOVECLIM-ICE","INM-CM4-8","IPSLCM5A2","MIROC-ES2L","MPI-ESM1-2"
"step1","gdd5_anom","1","1.35604784825038","0.732642792651744","0.705426458248503","0.721341283468922","0.869176437917118","0.688425661528349","0.742419988510412","0.590892500633064","0.709260756885194","0.716416215245484","0.581082613077435"
"step2","gdd5_anom","1","1.35604784825038","0.719600658679181","0.612856884065591","0.727742483472135","0.519829196240308","0.685276150479721","0.743335133912279","0.543538362447735","0.531830530758224","0.696258466375929","0.58330587521325"
"step3","gdd5_anom","1","1.35604784825038","0.75241308345961","0.64567418948472","0.786029330287531","0.530637720928954","0.764186908590258","0.809402882018077","0.546760474697738","0.535706996477284","0.739462109874903","0.609859527859585"
