"","varname","mean_null","random_null","AWIESM1","AWIESM2","CCSM4-UofT","CESM1-2","iLOVECLIM-GLAC","iLOVECLIM-ICE","INM-CM4-8","IPSLCM5A2","MIROC-ES2L","MPI-ESM1-2"
"step1","gdd5_anom","1","1.31988952666678","3.36509999575429","3.09411641081362","2.53650071116731","1.08668759480371","2.74281922661667","2.69616202658594","2.11045300136182","1.27063466390693","2.69110772486997","2.4997428093086"
"step2","gdd5_anom","1","1.31988952666678","0.791493465408826","0.836247082003408","0.932488407951376","0.716353735867308","0.417213420553818","0.417399556966281","0.491928094881872","0.68420090280737","0.439517160457725","0.83089495193353"
"step3","gdd5_anom","1","1.31988952666678","0.816138220055987","0.929847421717687","1.03034243906279","0.648634428621404","0.390722453563157","0.388793506474244","0.354343110533241","0.624015264495602","0.443554339660237","0.904554725629677"
