"","varname","mean_null","random_null","AWIESM1","AWIESM2","CCSM4-UofT","CESM1-2","iLOVECLIM-GLAC","iLOVECLIM-ICE","INM-CM4-8","IPSLCM5A2","MIROC-ES2L","MPI-ESM1-2"
"step1","gdd5_anom","1","1.38632845468053","1.02716505726582","1.02533162210688","0.913430465328954","0.639237985930073","0.892555558513464","0.920228331055504","0.766706806785381","0.552868100310959","0.911119081839147","0.802612108339359"
"step2","gdd5_anom","1","1.38632845468053","0.814592026469565","0.668128437050717","0.83107547522907","0.531644227625429","0.76815942553251","0.817233461115808","0.723513575911775","0.544778582464323","0.87450760989539","0.657237159523653"
"step3","gdd5_anom","1","1.38632845468053","0.850518695585637","0.671834374803975","0.877447889284205","0.548563987611214","0.867861931534198","0.897607733546221","0.759923454385351","0.565372471703097","0.932480684767051","0.661138285017945"
