"","varname","mean_null","random_null","AWIESM1","AWIESM2","CCSM4-UofT","CESM1-2","iLOVECLIM-GLAC","iLOVECLIM-ICE","INM-CM4-8","IPSLCM5A2","MIROC-ES2L","MPI-ESM1-2"
"step1","gdd5_anom","1","1.42685942902785","1.13898679031117","1.01424270820871","1.22368774415954","1.46786521769609","1.66226658676654","1.80465268851434","1.14152384262888","1.73280752496532","1.20168710388508","1.08743735049211"
"step2","gdd5_anom","1","1.42685942902785","1.14363292232135","1.01002408598784","1.18577318448075","0.990110163806319","1.11140681238477","1.18228685842378","1.03155218167432","0.979026969351755","1.21139874925956","1.08220065498569"
"step3","gdd5_anom","1","1.42685942902785","1.21997482454313","1.124077815244","1.29488579030423","1.06836005286122","1.39130755590638","1.43877753116918","1.03902930929129","0.965296688997288","1.36166262183761","1.13903566767762"
