"","varname","mean_null","random_null","AWIESM1","AWIESM2","CCSM4-UofT","CESM1-2","iLOVECLIM-GLAC","iLOVECLIM-ICE","INM-CM4-8","IPSLCM5A2","MIROC-ES2L","MPI-ESM1-2"
"step1","gdd5_anom","1","1.31270063960194","1.76173744536479","1.47762766247508","1.15693119787732","0.987064821317745","1.10083466452696","1.05006551391629","0.734255436887402","0.809728391503851","1.0594831168763","0.940061561765644"
"step2","gdd5_anom","1","1.31270063960194","0.767417767434375","0.805243180042563","0.924072363044622","0.68740932687176","0.457939526942134","0.44426860308149","0.626182175224188","0.599420403020028","0.494400467827492","0.785964921248202"
"step3","gdd5_anom","1","1.31270063960194","0.783843417900447","0.894677159645882","0.995398418038786","0.582809479851054","0.459206499252623","0.448609336120249","0.42203824206472","0.60165095514369","0.486755669203347","0.85519149063231"
