"","varname","mean_null","random_null","AWIESM1","AWIESM2","CCSM4-UofT","CESM1-2","iLOVECLIM-GLAC","iLOVECLIM-ICE","INM-CM4-8","IPSLCM5A2","MIROC-ES2L","MPI-ESM1-2"
"step1","gdd5_anom","1","1.42809492788626","1.20976525247984","1.70155100472011","1.4351968866458","2.90922209017626","1.95292499671019","3.13475578133056","1.34070638300251","1.10027655899294","1.44497388886651","1.14869960571536"
"step2","gdd5_anom","1","1.42809492788626","0.980680138762572","0.926175008313184","1.43550171810346","1.48518212428886","2.06189087265377","2.99128660254202","1.05996444752609","0.932430479436812","1.44581059787573","1.06168918398528"
"step3","gdd5_anom","1","1.42809492788626","1.14599108794825","1.07810683042251","1.39782815412677","1.39638728966104","0.905084666059201","1.04553134758429","0.957315042403479","1.01195217802138","1.3671081436674","1.10603635735574"
