"","varname","mean_null","random_null","AWIESM1","AWIESM2","CCSM4-UofT","CESM1-2","iLOVECLIM-GLAC","iLOVECLIM-ICE","INM-CM4-8","IPSLCM5A2","MIROC-ES2L","MPI-ESM1-2"
"step1","gdd5_anom","1","1.33694133110895","0.961447771196792","1.0181951969167","0.844606662086765","0.555204795167826","0.793493744406365","0.819285920803439","0.616939437822456","0.52375112140968","0.711940676904122","0.805211587788354"
"step2","gdd5_anom","1","1.33694133110895","0.792570882897953","0.6949926398998","0.773265666080514","0.548614686195084","0.726427675716712","0.77586853192463","0.573869960695659","0.52391610877643","0.719510165218401","0.651437536866524"
"step3","gdd5_anom","1","1.33694133110895","0.806083382870849","0.683498241607245","0.830599100881091","0.546320876755417","0.769579214437081","0.824518646518202","0.569088555104781","0.534110037244915","0.775511824182587","0.639059849090719"
