"","varname","mean_null","random_null","AWIESM1","AWIESM2","CCSM4-UofT","CESM1-2","iLOVECLIM-GLAC","iLOVECLIM-ICE","INM-CM4-8","IPSLCM5A2","MIROC-ES2L","MPI-ESM1-2"
"step1","gdd5_anom","1","1.34474580766748","0.833150218027165","0.868779491552589","0.76640771935769","0.617553409634008","0.714828941351658","0.751697997804476","0.539441203260644","0.525620163798598","0.680783377264318","0.669371940778643"
"step2","gdd5_anom","1","1.34474580766748","0.755987867062061","0.650044499356798","0.746318062391252","0.51209737616804","0.699314458881329","0.753044916039866","0.53830232743331","0.502236980410476","0.695127942957883","0.606674603611994"
"step3","gdd5_anom","1","1.34474580766748","0.772887163921015","0.655311437142736","0.803529366991592","0.522318816585807","0.761467603133652","0.814446385197315","0.546887721906165","0.521487506132156","0.75368819654459","0.611896186621058"
