"","varname","mean_null","random_null","AWIESM1","AWIESM2","CCSM4-UofT","CESM1-2","iLOVECLIM-GLAC","iLOVECLIM-ICE","INM-CM4-8","IPSLCM5A2","MIROC-ES2L","MPI-ESM1-2"
"step1","gdd5_anom","1","1.35646107262369","0.8645286518154","0.777664876872431","1.0325041446881","1.75593678231","1.24395219864189","1.19432730421872","1.09357341928756","1.35696296508592","1.37465006626571","0.702758610636818"
"step2","gdd5_anom","1","1.35646107262369","0.821164658679304","0.747459862522895","0.922685543264047","0.808974379425085","0.874652366476048","0.943015014274757","0.745195601357416","0.755353052314969","0.845396214869272","0.626088584211885"
"step3","gdd5_anom","1","1.35646107262369","0.857195300873231","0.768256815867629","0.997208863878888","0.88729053186372","0.86359121604923","0.882169757031637","0.80645627585264","0.732929413263497","0.634580698000968","0.663586327607485"
