"","varname","mean_null","random_null","AWIESM1","AWIESM2","CCSM4-UofT","CESM1-2","iLOVECLIM-GLAC","iLOVECLIM-ICE","INM-CM4-8","IPSLCM5A2","MIROC-ES2L","MPI-ESM1-2"
"step1","mtco_anom","1","1.34757710780949","3.23745332444801","2.89131051158574","2.4751262845066","1.54623061707113","2.48017066162851","2.46338907984687","2.08300750588067","1.91012814796965","2.59469886939388","2.54777429296624"
"step2","mtco_anom","1","1.34757710780949","1.05368259939991","0.992801507703861","1.0725714204199","1.08312625357148","0.714311692909921","0.716306317427915","0.667218893815987","1.04744661272012","0.604854942130532","1.10229987585908"
"step3","mtco_anom","1","1.34757710780949","1.43241704015822","1.32690628553741","1.28927618783371","1.45305314361146","0.742617575598309","0.734053002199814","0.709436814830866","1.33968292295288","0.628182111475193","1.55587784410939"
