"","varname","mean_null","random_null","AWIESM1","AWIESM2","CCSM4-UofT","CESM1-2","iLOVECLIM-GLAC","iLOVECLIM-ICE","INM-CM4-8","IPSLCM5A2","MIROC-ES2L","MPI-ESM1-2"
"step1","mtco_anom","1","1.4333394577049","1.51355124893345","1.28405752982422","1.22504454144885","0.971290611357352","2.3428408442369","2.25477776973536","0.806575832500042","1.03287391164222","0.762047303181887","1.12294852487032"
"step2","mtco_anom","1","1.4333394577049","0.893472096244137","0.938810727131162","1.22581669770384","0.942396513808795","0.906078160046784","0.924011830376444","0.807413473337232","0.756607248659113","0.75697507997061","0.892939807614884"
"step3","mtco_anom","1","1.4333394577049","0.938569838989634","0.965774175567091","0.951200402067124","0.812890407156134","1.14128232150088","1.16550410844309","0.720330996756795","0.802303986221251","0.779185014137034","0.879501179098174"
