"","varname","mean_null","random_null","AWIESM1","AWIESM2","CCSM4-UofT","CESM1-2","iLOVECLIM-GLAC","iLOVECLIM-ICE","INM-CM4-8","IPSLCM5A2","MIROC-ES2L","MPI-ESM1-2"
"step1","mtco_anom","1","1.36120598278068","3.10895064972117","3.13870684423144","2.45509457340951","0.933667130157032","2.7260054028222","2.86852430898538","2.37301656694793","1.07578252331496","2.55763240151414","2.5054191467035"
"step2","mtco_anom","1","1.36120598278068","0.971568321935281","0.879640347201959","1.54844610092229","0.922046688415848","1.16974352512413","1.21350119977093","1.05235334207263","0.918907552905746","0.794869276909663","0.731712202225378"
"step3","mtco_anom","1","1.36120598278068","1.15887849576579","1.02530954291059","1.26110051814103","1.08411002055198","1.6326093469806","1.67814805848941","0.990520228110517","0.846347833046267","0.907073711574669","0.790810183659424"
