"","varname","mean_null","random_null","AWIESM1","AWIESM2","CCSM4-UofT","CESM1-2","iLOVECLIM-GLAC","iLOVECLIM-ICE","INM-CM4-8","IPSLCM5A2","MIROC-ES2L","MPI-ESM1-2"
"step1","mtco_anom","1","1.39076235569286","0.945110783823784","0.988694852331862","0.866233002490415","1.64318036290527","1.83901243239824","1.86306585840102","1.17171167336581","0.666372977229955","0.751059575934599","0.605206189867931"
"step2","mtco_anom","1","1.39076235569286","0.653355928102767","0.724785947332325","0.866405424358915","1.20189032337066","0.964899152761429","0.97353759866835","1.01470487784696","0.611359351057175","0.745640272266467","0.563274117476146"
"step3","mtco_anom","1","1.39076235569286","0.70634964736523","0.834452644757174","0.782463372093509","0.805158918502359","1.44781457184341","1.48550868124979","0.499390033402703","0.60317913051496","0.634326753876451","0.565552871757902"
