"","varname","mean_null","random_null","AWIESM1","AWIESM2","CCSM4-UofT","CESM1-2","iLOVECLIM-GLAC","iLOVECLIM-ICE","INM-CM4-8","IPSLCM5A2","MIROC-ES2L","MPI-ESM1-2"
"step1","mtco_anom","1","1.35844845179666","1.39612009660246","1.21326076805284","1.11041153097442","0.773799869718105","1.855437955938","1.79921094336893","0.862571794266486","0.894614873372425","0.887993753084856","1.06930397028243"
"step2","mtco_anom","1","1.35844845179666","0.705613732935185","0.703002348123958","1.01051595419774","0.766072751646298","1.0238084624382","0.994286887873571","0.669216363345312","0.611401400361506","0.630940024171329","0.66250606374279"
"step3","mtco_anom","1","1.35844845179666","0.745567263566663","0.733314811235816","0.691233996679157","0.613138703932609","1.38777938134316","1.30725848345656","0.538724415213969","0.62488569901559","0.554371639417059","0.65638415961218"
