"","varname","mean_null","random_null","AWIESM1","AWIESM2","CCSM4-UofT","CESM1-2","iLOVECLIM-GLAC","iLOVECLIM-ICE","INM-CM4-8","IPSLCM5A2","MIROC-ES2L","MPI-ESM1-2"
"step1","mtco_anom","1","1.42542216446053","1.5274188466539","1.31402394619041","1.22747510596173","0.926042708604286","2.15959536512142","2.0899612864137","0.835001785388942","1.00680329654374","0.853677854031482","1.1536170569029"
"step2","mtco_anom","1","1.42542216446053","0.794771435446621","0.829495254120246","1.20308269907402","0.926114704268975","0.988123884146581","0.977357674523916","0.757235783034222","0.701347698801812","0.741636599007716","0.807944227076045"
"step3","mtco_anom","1","1.42542216446053","0.830265719560836","0.841056143216435","0.829066423834535","0.731007731455674","1.30513795930556","1.28205666891988","0.639516605769479","0.752491353491396","0.695849506078719","0.773306152461957"
