"","varname","mean_null","random_null","AWIESM1","AWIESM2","CCSM4-UofT","CESM1-2","iLOVECLIM-GLAC","iLOVECLIM-ICE","INM-CM4-8","IPSLCM5A2","MIROC-ES2L","MPI-ESM1-2"
"step1","mtco_anom","1","1.46800123789374","4.93503109590531","4.99428185678987","3.25488977956925","2.65186738988941","7.86215233148391","7.81355374513445","2.78020907050075","3.89378051775652","3.12316788539917","4.34839416583629"
"step2","mtco_anom","1","1.46800123789374","0.463111418541365","0.476578299033995","0.835638061402424","0.960807806640865","0.86101227239282","0.835450367342612","0.536425683401253","0.341159238648549","0.615263993001769","0.381131614534372"
"step3","mtco_anom","1","1.46800123789374","0.416882203440608","0.469953221530512","0.432102177651417","0.433065447624898","1.05687206420958","1.07471466893965","0.444568490433312","0.339163764498859","0.410565446007718","0.335249856797396"
