"","varname","mean_null","random_null","AWIESM1","AWIESM2","CCSM4-UofT","CESM1-2","iLOVECLIM-GLAC","iLOVECLIM-ICE","INM-CM4-8","IPSLCM5A2","MIROC-ES2L","MPI-ESM1-2"
"step1","mtco_anom","1","1.41468553249012","1.26971648270438","1.08314051043204","1.31731343750398","1.10233439161768","1.99540777053783","1.90937391442208","0.80181531680206","0.813800563653688","0.758376847254481","0.977329832644471"
"step2","mtco_anom","1","1.41468553249012","0.909713395318392","0.951844898789656","1.26195362579114","0.94873768273008","0.893800002267389","0.917287050119879","0.805999598871848","0.734758067013615","0.77452860447092","0.905342894427705"
"step3","mtco_anom","1","1.41468553249012","0.95695834376376","0.98117259751138","0.984544499186048","0.816690458501801","1.12988895754886","1.15485879452219","0.717713670564195","0.77506368654987","0.799367339260046","0.893252588411144"
