"","varname","mean_null","random_null","AWIESM1","AWIESM2","CCSM4-UofT","CESM1-2","iLOVECLIM-GLAC","iLOVECLIM-ICE","INM-CM4-8","IPSLCM5A2","MIROC-ES2L","MPI-ESM1-2"
"step1","mtco_anom","1","1.38782741777277","1.05770112552294","0.940843851233624","1.31055052742276","1.15494901728914","1.47246036946032","1.4073219277732","0.823000860374345","0.665819425944092","0.806834906624425","0.865348082544379"
"step2","mtco_anom","1","1.38782741777277","0.836643800364855","0.870177086594565","1.29416102465304","0.971508216605156","0.952430684580584","0.949689997576347","0.789729191133443","0.675560924129544","0.799720814533313","0.852183656170395"
"step3","mtco_anom","1","1.38782741777277","0.872331623822856","0.881353769447814","0.898839372361742","0.758031409290081","1.27311949883556","1.26233255359322","0.659483847812588","0.730517995522994","0.748045896039535","0.81492831933649"
