"","varname","mean_null","random_null","AWIESM1","AWIESM2","CCSM4-UofT","CESM1-2","iLOVECLIM-GLAC","iLOVECLIM-ICE","INM-CM4-8","IPSLCM5A2","MIROC-ES2L","MPI-ESM1-2"
"step1","mtco_anom","1","1.37559230885293","1.67982043333982","1.65607326269312","1.61818523261741","1.37996997591934","1.30870300508619","1.40268490285926","1.3175455120017","0.943555658396172","1.35330116925037","1.19519245903068"
"step2","mtco_anom","1","1.37559230885293","0.994969695909361","0.911781163198613","1.50028647635706","0.958304364258266","1.13149674934809","1.16412451287927","0.980184493292921","0.895680833540058","0.826286214880373","0.753807140754818"
"step3","mtco_anom","1","1.37559230885293","1.234173061337","1.09496753593341","1.30501091118223","1.16829117538351","1.6231898254403","1.65789175372338","0.992127689272792","0.887874534179841","0.973545393347014","0.861889236738934"
