"","varname","mean_null","random_null","AWIESM1","AWIESM2","CCSM4-UofT","CESM1-2","iLOVECLIM-GLAC","iLOVECLIM-ICE","INM-CM4-8","IPSLCM5A2","MIROC-ES2L","MPI-ESM1-2"
"step1","mtco_anom","1","1.39548613628171","1.08623346226888","0.975827170694938","1.44984727537277","1.28890679619609","1.64748060098099","1.56561647593014","0.902234651640383","0.697976953263825","0.858615398496915","0.915071888413262"
"step2","mtco_anom","1","1.39548613628171","0.928640602614524","0.962089041001844","1.29426576666557","0.955732317235279","0.889880963862294","0.914435658648076","0.806781505288925","0.717415804702713","0.790641464968958","0.919355157836841"
"step3","mtco_anom","1","1.39548613628171","0.979636218441918","0.997686169077772","1.02017124878535","0.824598029566808","1.11791387605033","1.14595683965752","0.72207921485193","0.755090394493378","0.820537056474862","0.911054836054229"
