"","varname","mean_null","random_null","AWIESM1","AWIESM2","CCSM4-UofT","CESM1-2","iLOVECLIM-GLAC","iLOVECLIM-ICE","INM-CM4-8","IPSLCM5A2","MIROC-ES2L","MPI-ESM1-2"
"step1","mtco_anom","1","1.36455067124731","1.1480103643901","0.987375903144676","1.08141865736419","0.826650722028588","1.55089719803416","1.49422016621385","0.755823453779575","0.669131830726856","0.776928860684983","0.876086899203942"
"step2","mtco_anom","1","1.36455067124731","0.730698539397557","0.731169588530059","1.07599614372418","0.807468035129269","1.02330663014455","0.996836982094699","0.70291858531107","0.603604774141118","0.676911722178732","0.688128389427552"
"step3","mtco_anom","1","1.36455067124731","0.767253925210865","0.755705276267809","0.724058472605481","0.626893966824872","1.38586049847689","1.31199722153174","0.546949874825579","0.622288194714691","0.576012165048916","0.674117006017136"
