"","varname","mean_null","random_null","AWIESM1","AWIESM2","CCSM4-UofT","CESM1-2","iLOVECLIM-GLAC","iLOVECLIM-ICE","INM-CM4-8","IPSLCM5A2","MIROC-ES2L","MPI-ESM1-2"
"step1","mtco_anom","1","1.41004353645703","4.345076965053","3.95868417957252","3.1437943793921","1.92181155165086","3.43029325976464","3.47255571331299","2.51433487891668","2.23988108105269","3.17886918562","3.51007241282947"
"step2","mtco_anom","1","1.41004353645703","0.962700126292527","0.912083222040661","1.25638129686511","1.18503869294469","0.966271076529953","1.00239909764154","0.944897195532827","1.13055773622123","0.745113882964722","0.950507792085919"
"step3","mtco_anom","1","1.41004353645703","1.22389636345918","1.07857226888298","1.27453990444545","1.47346746807448","1.19383907113521","1.26250111414193","0.91307926298016","1.30228563595882","0.777632258827728","1.22000633278388"
