"","varname","mean_null","random_null","AWIESM1","AWIESM2","CCSM4-UofT","CESM1-2","iLOVECLIM-GLAC","iLOVECLIM-ICE","INM-CM4-8","IPSLCM5A2","MIROC-ES2L","MPI-ESM1-2"
"step1","mtco_anom","1","1.39358658607823","1.22984835863214","1.27196891467914","0.933163804875971","1.45914827371617","2.23048851412734","2.25720466107115","1.05647610511419","0.600997781426892","0.807422193233773","0.827982742335904"
"step2","mtco_anom","1","1.39358658607823","0.627312931819389","0.692634851748103","0.876188821112315","1.19296295506419","0.966228293128545","0.964469428674438","1.016196273241","0.596802418435723","0.796124796167656","0.552915736310834"
"step3","mtco_anom","1","1.39358658607823","0.698390950689441","0.812778612050637","0.762421374856616","0.763101279494523","1.46429666540041","1.4798119694576","0.476364408562845","0.578434764758902","0.659534603868607","0.548448721619547"
