"","varname","mean_null","random_null","AWIESM1","AWIESM2","CCSM4-UofT","CESM1-2","iLOVECLIM-GLAC","iLOVECLIM-ICE","INM-CM4-8","IPSLCM5A2","MIROC-ES2L","MPI-ESM1-2"
"step1","mtco_anom","1","1.45313767847513","1.43556242168507","1.16174391123955","3.18472635141772","2.64360982641645","2.57994326316364","2.25902811049664","1.56755627167445","0.846552316683648","1.62669692642053","1.28224278854435"
"step2","mtco_anom","1","1.45313767847513","1.3634939661229","1.20309007566004","2.23690953525292","1.23591481758673","1.29695969787206","1.26223561922443","0.872355833865533","0.751408941358123","0.950947144424547","1.33768723903929"
"step3","mtco_anom","1","1.45313767847513","0.844147569909946","0.652393381789716","0.682150779203111","0.610124675679132","1.46043558976847","1.36680454814463","0.59494416803877","0.794315123659716","0.630148428718639","0.665208431539247"
