"","varname","mean_null","random_null","AWIESM1","AWIESM2","CCSM4-UofT","CESM1-2","iLOVECLIM-GLAC","iLOVECLIM-ICE","INM-CM4-8","IPSLCM5A2","MIROC-ES2L","MPI-ESM1-2"
"step1","mtco_anom","1","1.39601578970397","1.08839613146076","1.13021422872356","0.890656604936105","1.54564259854482","2.04009454338957","2.06664241358514","1.10213093202093","0.603944908979055","0.760876131496338","0.707076886098798"
"step2","mtco_anom","1","1.39601578970397","0.636873609387929","0.707831661658699","0.87141698701725","1.20081876221204","0.964301872542148","0.969993715847941","1.01628965252025","0.603364362468764","0.770457638383973","0.553442750105288"
"step3","mtco_anom","1","1.39601578970397","0.699860618159479","0.823932594060423","0.771239699712497","0.783996625491892","1.45442058088038","1.4840108316852","0.484107572871408","0.589000737851189","0.646042779345602","0.552248799609928"
