"","varname","mean_null","random_null","AWIESM1","AWIESM2","CCSM4-UofT","CESM1-2","iLOVECLIM-GLAC","iLOVECLIM-ICE","INM-CM4-8","IPSLCM5A2","MIROC-ES2L","MPI-ESM1-2"
"step1","mtco_anom","1","1.39501395540226","3.3446200163066","2.95937685269909","2.28439021036919","1.25504263967461","2.41278128318987","2.45480832365505","1.63478829787469","1.50280465033194","2.23469754186852","2.52062491764706"
"step2","mtco_anom","1","1.39501395540226","0.946908433590903","0.919908053144754","1.26408724266195","1.17149225569845","0.96509359243445","0.999867227449958","0.990341828921445","1.13768151447021","0.761360386942025","0.958774300280508"
"step3","mtco_anom","1","1.39501395540226","1.17937098928296","1.08549831062534","1.281927813078","1.45591080317725","1.19871171591006","1.27120425506417","0.951129030082519","1.30193802762433","0.793726822799914","1.22964557730113"
