"","varname","mean_null","random_null","AWIESM1","AWIESM2","CCSM4-UofT","CESM1-2","iLOVECLIM-GLAC","iLOVECLIM-ICE","INM-CM4-8","IPSLCM5A2","MIROC-ES2L","MPI-ESM1-2"
"step1","mtco_anom","1","1.48178221807214","4.85208922746384","4.91540891380313","3.04565323348909","2.43067132052533","8.01790296008678","7.96454929229608","2.55362575357845","3.71682233476993","2.87865456278367","4.23734569706496"
"step2","mtco_anom","1","1.48178221807214","0.466925799374068","0.477980684874192","0.938837217760343","1.0794366954585","0.866648341288866","0.845482102284022","0.593171559908491","0.345167098625924","0.69795075668818","0.373675249340686"
"step3","mtco_anom","1","1.48178221807214","0.44987670502831","0.492540555785122","0.460122167578684","0.473615402338329","1.05591659963019","1.07427108340014","0.458936486969152","0.345489702330148","0.425722608799361","0.361575713635707"
