"","varname","mean_null","random_null","AWIESM1","AWIESM2","CCSM4-UofT","CESM1-2","iLOVECLIM-GLAC","iLOVECLIM-ICE","INM-CM4-8","IPSLCM5A2","MIROC-ES2L","MPI-ESM1-2"
"step1","mtco_anom","1","1.38601681348899","1.9605642067439","1.34373743819472","1.96078947514766","1.21751727722735","3.6679630424336","3.37166005788771","0.797358684605946","1.07516478002872","0.70864860848156","1.20945244216179"
"step2","mtco_anom","1","1.38601681348899","1.04888257050943","0.918975387144533","1.83233348410705","1.02414262562133","1.20995346881843","1.15047956522613","0.798979261014481","0.770052895691289","0.705939586589122","1.00568885937677"
"step3","mtco_anom","1","1.38601681348899","0.722481949642571","0.550004528147029","0.558669847961116","0.570150728430046","1.45444596622675","1.3161982077314","0.612211244166087","0.840102849948274","0.531353156275628","0.55773955468358"
