"","varname","mean_null","random_null","AWIESM1","AWIESM2","CCSM4-UofT","CESM1-2","iLOVECLIM-GLAC","iLOVECLIM-ICE","INM-CM4-8","IPSLCM5A2","MIROC-ES2L","MPI-ESM1-2"
"step1","mtco_anom","1","1.36775053179084","0.924366781461879","0.816297997054392","1.11257830091094","1.0302025329228","1.23345813823055","1.17837803616021","0.736901708121424","0.582594469321547","0.726646713030621","0.737382605943121"
"step2","mtco_anom","1","1.36775053179084","0.75940859061646","0.76189631167518","1.1406301317734","0.851179586010114","1.01796133552126","0.996259000386819","0.74182628746623","0.602391693974729","0.724962563648174","0.720560474033508"
"step3","mtco_anom","1","1.36775053179084","0.795348507210594","0.781964775083137","0.763194919105699","0.648240707254015","1.37980724565382","1.31348771590589","0.566443335405776","0.628149878854123","0.608810578750651","0.700884152201334"
