"","varname","mean_null","random_null","AWIESM1","AWIESM2","CCSM4-UofT","CESM1-2","iLOVECLIM-GLAC","iLOVECLIM-ICE","INM-CM4-8","IPSLCM5A2","MIROC-ES2L","MPI-ESM1-2"
"step1","mtco_anom","1","1.42138811325458","1.62764876458924","1.10970527433664","2.48759732521845","1.81646562141296","3.15675395457859","2.84488049906466","0.988607713785814","0.78886211591147","0.990078666930839","1.10235360393002"
"step2","mtco_anom","1","1.42138811325458","1.19787061109382","1.04880684922059","2.03392911280579","1.12170470338704","1.25118415786512","1.19897118806504","0.829076361787192","0.759722837114808","0.813595108771713","1.16381640786624"
"step3","mtco_anom","1","1.42138811325458","0.777429143526415","0.587977757345003","0.614306402314107","0.583335207687147","1.45561984849729","1.33677954492343","0.595638879035316","0.815651793760021","0.56315181970779","0.599799780735834"
