"","varname","mean_null","random_null","AWIESM1","AWIESM2","CCSM4-UofT","CESM1-2","iLOVECLIM-GLAC","iLOVECLIM-ICE","INM-CM4-8","IPSLCM5A2","MIROC-ES2L","MPI-ESM1-2"
"step1","mtco_anom","1","1.4939636443633","4.75672880265426","4.82471480214492","2.79637878231969","2.24108694424694","8.2074376999317","8.1482975185841","2.28930128737861","3.51378287862538","2.61171610362379","4.10505763685627"
"step2","mtco_anom","1","1.4939636443633","0.487716898711722","0.494843123131928","1.05504189190737","1.2128735411529","0.873506938660464","0.874332926051185","0.662340179545503","0.362055567650813","0.807784241653854","0.394304735080585"
"step3","mtco_anom","1","1.4939636443633","0.492779328008412","0.521171032309014","0.497496093719083","0.522833958067994","1.05475388374192","1.07373127903091","0.477657549754482","0.358384686175638","0.455913868412029","0.39559997775364"
