"","varname","mean_null","random_null","AWIESM1","AWIESM2","CCSM4-UofT","CESM1-2","iLOVECLIM-GLAC","iLOVECLIM-ICE","INM-CM4-8","IPSLCM5A2","MIROC-ES2L","MPI-ESM1-2"
"step1","mtco_anom","1","1.36122935680475","4.74428329008545","4.77645948245688","3.52266673868883","1.40218168900191","4.42863523646728","4.58258199725349","3.63820618803413","2.06587615670967","3.84715301819144","3.97919890977164"
"step2","mtco_anom","1","1.36122935680475","0.937837829810427","0.854191431269109","1.56899012672101","0.890224079728621","1.17313386025298","1.22338924566216","1.13081846816252","0.938699451009602","0.750689632550156","0.762976107801013"
"step3","mtco_anom","1","1.36122935680475","1.10242347157616","0.991917469435118","1.22802026717948","1.0371972259849","1.65486949304487","1.7084818239756","1.02065949699263","0.827720500308971","0.871900308539448","0.792969548382068"
