"","varname","mean_null","random_null","AWIESM1","AWIESM2","CCSM4-UofT","CESM1-2","iLOVECLIM-GLAC","iLOVECLIM-ICE","INM-CM4-8","IPSLCM5A2","MIROC-ES2L","MPI-ESM1-2"
"step1","mtco_anom","1","1.33556697467104","2.5573174665075","2.19776829141594","1.84495679152456","1.07026737748028","1.77722547228533","1.75969048921058","1.38295168081819","1.28905453202258","1.88939780219883","1.84808657684069"
"step2","mtco_anom","1","1.33556697467104","1.05049508356466","0.993824450714528","1.0899022960166","1.09572268429164","0.70419197861279","0.703728744125283","0.691368325753479","1.05803495092348","0.590326360552745","1.10431237986071"
"step3","mtco_anom","1","1.33556697467104","1.41598796497279","1.31921216798305","1.29474302876972","1.44266981416169","0.731964581917116","0.718479607342411","0.725819758441101","1.3374041147814","0.605081146427911","1.54410971331081"
