"","varname","mean_null","random_null","AWIESM1","AWIESM2","CCSM4-UofT","CESM1-2","iLOVECLIM-GLAC","iLOVECLIM-ICE","INM-CM4-8","IPSLCM5A2","MIROC-ES2L","MPI-ESM1-2"
"step1","mtco_anom","1","1.37610461847464","2.26009350656113","1.89258323403226","1.52676509049586","1.15615240104181","1.39536062282733","1.44205466140404","1.06410728532673","1.17223326816327","1.27245520041661","1.51247053537602"
"step2","mtco_anom","1","1.37610461847464","0.935853809056428","0.935452587640472","1.25816327060029","1.14438134656022","0.959470893254053","0.996713120133788","1.02556390726238","1.14258053208573","0.777877905216114","0.958323184472592"
"step3","mtco_anom","1","1.37610461847464","1.15853115173497","1.11083865685892","1.29257522406271","1.44230665275751","1.20577060198847","1.27814614414846","0.997730421724108","1.3157834064017","0.814538804229898","1.24236727454614"
