"","varname","mean_null","random_null","AWIESM1","AWIESM2","CCSM4-UofT","CESM1-2","iLOVECLIM-GLAC","iLOVECLIM-ICE","INM-CM4-8","IPSLCM5A2","MIROC-ES2L","MPI-ESM1-2"
"step1","mtco_anom","1","1.33788460731515","1.78418170420179","1.44222158634535","1.27700316688098","1.11897480315586","1.01982957655801","0.998783626431717","0.831144099326567","1.02948326557158","1.09366657596806","1.18743053737324"
"step2","mtco_anom","1","1.33788460731515","1.03832604731578","0.992020997641559","1.11136808700129","1.09667186312814","0.709043112855094","0.702293394824054","0.731767149052865","1.06075021253905","0.590104886757646","1.0958326458453"
"step3","mtco_anom","1","1.33788460731515","1.39101580049976","1.31420111414462","1.30276534689067","1.42535269390244","0.746743660081158","0.727824554119945","0.760523729541318","1.33980590227384","0.618283220261657","1.53021292045877"
