"","varname","mean_null","random_null","AWIESM1","AWIESM2","CCSM4-UofT","CESM1-2","iLOVECLIM-GLAC","iLOVECLIM-ICE","INM-CM4-8","IPSLCM5A2","MIROC-ES2L","MPI-ESM1-2"
"step1","mtwa_anom","1","1.41852548946402","3.54796838458858","3.6080731002572","3.20980916555766","1.11196069898335","3.54688411811748","3.53731521440306","2.89529562414109","1.41231331412963","3.32279889395941","3.09231673946092"
"step2","mtwa_anom","1","1.41852548946402","0.939590145343824","0.904457832945348","1.27018481654224","0.718030252023215","0.607643967066879","0.628680272704937","1.11885835007003","0.812207935553972","0.880941008338014","0.925102621848966"
"step3","mtwa_anom","1","1.41852548946402","0.719100618940796","0.861567723468903","1.07447581835258","0.714058003884274","0.625594308396792","0.64599498991657","0.777526269827546","0.73994435061877","0.64594690468156","0.954158351325962"
