"","varname","mean_null","random_null","AWIESM1","AWIESM2","CCSM4-UofT","CESM1-2","iLOVECLIM-GLAC","iLOVECLIM-ICE","INM-CM4-8","IPSLCM5A2","MIROC-ES2L","MPI-ESM1-2"
"step1","mtwa_anom","1","1.40534387949804","2.07734655908532","2.09910461420522","1.7009254800239","0.747057793207105","2.51930568207386","2.46615774511738","1.52552046843766","0.852991532666584","1.77312058441063","1.53221420428338"
"step2","mtwa_anom","1","1.40534387949804","0.838015774282334","0.839096257421695","0.980159311796783","0.634780860697537","0.714517623292317","0.712467508757489","0.764549128670091","0.837085036287553","0.601083518333999","0.874112749254589"
"step3","mtwa_anom","1","1.40534387949804","0.672957531484606","0.854272876634015","0.956557282763926","0.614693456439602","0.790212491845702","0.788994519341043","0.53985613972394","0.773745672494614","0.483479230958661","0.949569242855233"
