"","varname","mean_null","random_null","AWIESM1","AWIESM2","CCSM4-UofT","CESM1-2","iLOVECLIM-GLAC","iLOVECLIM-ICE","INM-CM4-8","IPSLCM5A2","MIROC-ES2L","MPI-ESM1-2"
"step1","mtwa_anom","1","1.43547521940307","3.07626098341065","3.28526683984022","3.55993429949477","1.57553778769785","3.68411535938987","3.79218576043995","3.92623434012678","1.71437906683716","3.42169951377693","3.31877856614931"
"step2","mtwa_anom","1","1.43547521940307","1.87365442666444","1.4389084096756","2.612433751858","1.3066967082442","0.968746450612948","0.96473044566231","2.53050039922543","1.7104810131991","2.119032886237","1.87363215264468"
"step3","mtwa_anom","1","1.43547521940307","1.57318225819943","1.32225350102942","1.36052600887663","1.43671564514778","1.18397710694584","1.17776153282449","1.198094759742","1.2247272595203","1.57960785036313","1.15652218851094"
