"","varname","mean_null","random_null","AWIESM1","AWIESM2","CCSM4-UofT","CESM1-2","iLOVECLIM-GLAC","iLOVECLIM-ICE","INM-CM4-8","IPSLCM5A2","MIROC-ES2L","MPI-ESM1-2"
"step1","mtwa_anom","1","1.40278873908682","2.46459897917301","5.41517324514217","3.04023004800373","1.4484788723969","4.77517700869413","5.72624107919687","2.69774261893741","1.52709373512748","4.42001802527189","3.45031868151027"
"step2","mtwa_anom","1","1.40278873908682","1.69465341022247","1.40874358452861","2.2175928708317","1.42576518912798","2.17580781589967","4.90022342590651","2.55784426349962","1.38151952999851","2.91691267657511","1.31520335018752"
"step3","mtwa_anom","1","1.40278873908682","1.35439645857621","1.08008756974997","1.27940000329333","1.27085810015565","1.23117743426556","1.11472230029204","1.15301076361473","0.987465830678191","1.06205391079719","1.07418627111939"
