"","varname","mean_null","random_null","AWIESM1","AWIESM2","CCSM4-UofT","CESM1-2","iLOVECLIM-GLAC","iLOVECLIM-ICE","INM-CM4-8","IPSLCM5A2","MIROC-ES2L","MPI-ESM1-2"
"step1","mtwa_anom","1","1.44891921672419","2.3650681104909","2.63569680310174","1.99657454092464","1.315008437608","2.6420001564412","2.65717820593466","1.95738731747367","1.22962736705859","2.04361830204332","2.12267486202332"
"step2","mtwa_anom","1","1.44891921672419","1.04251845238319","1.01384120696369","1.37978375355989","1.21940621518489","1.14317732733283","1.3940034258957","1.11327443193751","1.01559426686125","1.07117112681968","1.00524589498743"
"step3","mtwa_anom","1","1.44891921672419","0.913558093466735","0.987943339579601","1.29516086520705","1.25423393119557","1.14265914754117","1.19347842126596","1.04607912972265","0.974052206914025","0.915989668491183","1.03532072253018"
