"","varname","mean_null","random_null","AWIESM1","AWIESM2","CCSM4-UofT","CESM1-2","iLOVECLIM-GLAC","iLOVECLIM-ICE","INM-CM4-8","IPSLCM5A2","MIROC-ES2L","MPI-ESM1-2"
"step1","mtwa_anom","1","1.46962931191798","1.64050006900951","1.85136575249544","1.61635568139458","1.28856513533444","1.9043425874327","2.0302154754867","1.42757610510792","1.01953415734943","1.42609611595155","1.41128229558068"
"step2","mtwa_anom","1","1.46962931191798","1.03496035268461","0.964127376176323","1.45373642090273","1.28534032620697","1.19714111414702","1.44115325105426","1.19355059905735","1.01663470935792","1.09899958660914","0.978689706455887"
"step3","mtwa_anom","1","1.46962931191798","0.894505362561708","0.928247957690897","1.34363255316254","1.31626960579788","1.18096562095417","1.23056232053947","1.11037528888863","0.959371441514881","0.924836836684541","0.997984254713593"
