"","varname","mean_null","random_null","AWIESM1","AWIESM2","CCSM4-UofT","CESM1-2","iLOVECLIM-GLAC","iLOVECLIM-ICE","INM-CM4-8","IPSLCM5A2","MIROC-ES2L","MPI-ESM1-2"
"step1","mtwa_anom","1","1.38882844288322","1.55581009986334","1.42903008943841","1.46151337377377","1.82858414538144","1.13654568806894","1.12667420229555","1.46896554689774","1.62991595492929","1.34799200709959","1.10916084236413"
"step2","mtwa_anom","1","1.38882844288322","1.2855373088805","1.06002876491951","1.35222729962498","0.728006987570607","0.676472695549121","0.678953141997541","1.45486811477927","1.01843030799059","1.17272031736199","1.01587964815555"
"step3","mtwa_anom","1","1.38882844288322","0.863120407968925","0.930742656748641","1.052349595799","0.825790273422136","0.743945501554817","0.756612784481519","0.847170475565008","0.77551681705169","0.764275533547542","1.00601248855235"
