"","varname","mean_null","random_null","AWIESM1","AWIESM2","CCSM4-UofT","CESM1-2","iLOVECLIM-GLAC","iLOVECLIM-ICE","INM-CM4-8","IPSLCM5A2","MIROC-ES2L","MPI-ESM1-2"
"step1","mtwa_anom","1","1.43447623304179","1.4265520770964","3.17852775524602","2.41438420391359","2.3587561651054","2.50434992315498","4.58419525404807","2.65720961743963","1.87872798391691","3.39223706986873","1.86209535440844"
"step2","mtwa_anom","1","1.43447623304179","1.42665703183598","1.19226077661323","2.38392938886775","1.56165181053413","2.35977375283764","5.1766383445656","2.61723934771725","1.5984166557436","3.17479465901201","1.47490919615752"
"step3","mtwa_anom","1","1.43447623304179","1.17655487365082","0.928965070134509","1.47285907318534","1.45164615811399","1.3758994956186","1.33035975430341","1.32998801276881","1.28625476445389","1.36242423057275","1.24136849583399"
