"","varname","mean_null","random_null","AWIESM1","AWIESM2","CCSM4-UofT","CESM1-2","iLOVECLIM-GLAC","iLOVECLIM-ICE","INM-CM4-8","IPSLCM5A2","MIROC-ES2L","MPI-ESM1-2"
"step1","mtwa_anom","1","1.46174360037152","1.01376258186267","1.08625695930773","1.43466113656422","1.63631228634014","1.25586047626023","1.45760671042313","1.13851762636274","1.31930288607153","1.08074802850418","0.942880347115431"
"step2","mtwa_anom","1","1.46174360037152","0.996891132164918","0.904855894879111","1.47518644677206","1.33993859684748","1.19764632591776","1.44575976558302","1.13365088088628","0.983669964982279","1.06750181058775","0.936760009913374"
"step3","mtwa_anom","1","1.46174360037152","0.904958189991666","0.891181867472392","1.46662025449018","1.40588429575297","1.2271341720637","1.28635259924529","1.17607086685716","0.976900380482524","0.962725083269715","0.980419053511803"
