"","varname","mean_null","random_null","AWIESM1","AWIESM2","CCSM4-UofT","CESM1-2","iLOVECLIM-GLAC","iLOVECLIM-ICE","INM-CM4-8","IPSLCM5A2","MIROC-ES2L","MPI-ESM1-2"
"step1","mtwa_anom","1","1.47223853955041","1.31092791478356","1.13788145883943","1.27852752812093","1.12958138074065","1.58964786093392","1.57537702033246","1.07828494947703","1.72526489444829","1.27129680441933","1.32274210755886"
"step2","mtwa_anom","1","1.47223853955041","1.33549952288455","1.15107756156517","1.21074170871287","1.1395996258238","1.23916165525563","1.24693669186704","1.09078701121589","1.51883441731019","1.19883934893089","1.31229732247672"
"step3","mtwa_anom","1","1.47223853955041","1.47835983202781","1.35008435266178","1.36209165541639","1.38339318209667","1.42734724484061","1.42865885703345","1.2897504417802","1.19668085831902","1.41554667673009","1.5090844247871"
