"","varname","mean_null","random_null","AWIESM1","AWIESM2","CCSM4-UofT","CESM1-2","iLOVECLIM-GLAC","iLOVECLIM-ICE","INM-CM4-8","IPSLCM5A2","MIROC-ES2L","MPI-ESM1-2"
"step1","mtwa_anom","1","1.40178056589967","1.93328743014004","2.3110446131043","1.67380417896838","1.37811019621342","2.14046632460732","2.16743141228923","1.47412216980582","1.17966557823617","1.57195195410817","1.83514918870624"
"step2","mtwa_anom","1","1.40178056589967","1.02526415601824","0.957080382552344","1.37776951906719","1.33866174080951","1.25484201172385","1.5605577515712","1.04188386350225","1.03139949672811","1.06838628756257","0.964608031551302"
"step3","mtwa_anom","1","1.40178056589967","0.92123759391036","0.927802481561403","1.41688990232845","1.35318548570198","1.24891295478425","1.28972753182042","1.13506120567934","1.02837038571637","0.977817726109461","1.00916798865649"
