"","varname","mean_null","random_null","AWIESM1","AWIESM2","CCSM4-UofT","CESM1-2","iLOVECLIM-GLAC","iLOVECLIM-ICE","INM-CM4-8","IPSLCM5A2","MIROC-ES2L","MPI-ESM1-2"
"step1","mtwa_anom","1","1.47535705498628","1.87473861217895","2.21230198049215","1.94723378102891","2.16157086493251","1.94529942803104","2.05790945835985","1.41402323156842","1.04241750157327","1.25216251373687","1.38132716469621"
"step2","mtwa_anom","1","1.47535705498628","1.36684028610556","1.16632400295374","1.97995590651598","2.18881949684604","1.56708027558136","1.72694666017002","1.37636801248097","0.992168446249902","1.14252053101537","1.0070448763177"
"step3","mtwa_anom","1","1.47535705498628","0.996310025726579","0.936222184215016","1.78468524432631","1.82406867065107","1.33673027320265","1.37388516870496","1.6192452894325","0.959046142952664","0.780442369635947","0.989408029551067"
