"","varname","mean_null","random_null","AWIESM1","AWIESM2","CCSM4-UofT","CESM1-2","iLOVECLIM-GLAC","iLOVECLIM-ICE","INM-CM4-8","IPSLCM5A2","MIROC-ES2L","MPI-ESM1-2"
"step1","mtwa_anom","1","1.47125890008046","1.32196279843214","1.16572073311073","1.1889469612798","1.23760243426315","1.32705584265638","1.317640136771","1.22977295523835","1.93874945486121","1.17133210289373","1.40445120570258"
"step2","mtwa_anom","1","1.47125890008046","1.31694200330525","1.14463970884121","1.20605859528731","1.14633581504484","1.24029869682005","1.24752617667176","1.09066943295042","1.4770282822841","1.17053850668646","1.30380156851423"
"step3","mtwa_anom","1","1.47125890008046","1.48757420225186","1.36872325658235","1.38585595029955","1.413086649955","1.46288983380031","1.46420144599316","1.31875138000415","1.21283744944693","1.41584599704544","1.52934644673146"
