"","varname","mean_null","random_null","AWIESM1","AWIESM2","CCSM4-UofT","CESM1-2","iLOVECLIM-GLAC","iLOVECLIM-ICE","INM-CM4-8","IPSLCM5A2","MIROC-ES2L","MPI-ESM1-2"
"step1","mtwa_anom","1","1.49449649357008","1.09633164368018","1.11733414651723","1.46021602106032","1.75537597621917","1.3506686097811","1.53093480165833","1.22776699257044","1.44006178010982","1.14905529065152","0.980671730323333"
"step2","mtwa_anom","1","1.49449649357008","1.05351479437899","0.930065343145136","1.49513119798591","1.32205404707336","1.21978795145143","1.45981508884754","1.24547541785948","1.02783002563928","1.15080969931901","0.974532482334417"
"step3","mtwa_anom","1","1.49449649357008","0.937542020105245","0.911555237149493","1.40623913427302","1.37819551962858","1.21964165639578","1.26962679607747","1.18028924518691","0.985790321658469","0.99107437120083","1.00206159285351"
