"","varname","mean_null","random_null","AWIESM1","AWIESM2","CCSM4-UofT","CESM1-2","iLOVECLIM-GLAC","iLOVECLIM-ICE","INM-CM4-8","IPSLCM5A2","MIROC-ES2L","MPI-ESM1-2"
"step1","mtwa_anom","1","1.46220064051537","1.20453398097119","1.1974625115306","1.94873745288905","2.57106612644272","1.48240971282101","1.60817755880626","1.4208977578028","1.60879011756616","1.14995111197197","0.953518602815586"
"step2","mtwa_anom","1","1.46220064051537","1.20844848124748","1.05337599887444","1.85995183683128","2.06438177085778","1.49120249744313","1.61674442400166","1.32600099769393","0.948287544427183","1.00633709696109","0.937291706725281"
"step3","mtwa_anom","1","1.46220064051537","1.01483048561128","0.941334607379781","1.79931226883615","1.85547936958029","1.3572322107784","1.38067037410578","1.64487855126767","0.960968113926248","0.777543412930672","0.967219309361255"
