"","varname","mean_null","random_null","AWIESM1","AWIESM2","CCSM4-UofT","CESM1-2","iLOVECLIM-GLAC","iLOVECLIM-ICE","INM-CM4-8","IPSLCM5A2","MIROC-ES2L","MPI-ESM1-2"
"step1","mtwa_anom","1","1.5076805726163","2.90683985778373","3.4232920287018","2.21983531715317","2.11783860310571","2.98542260075101","3.0305149166862","2.11811850137787","1.31299691393443","2.14918006570658","2.48961180715645"
"step2","mtwa_anom","1","1.5076805726163","1.50227564485509","1.28441381376427","2.00951012796222","2.18369085397721","1.54460295139604","1.72778130072422","1.35893167498468","1.05551380113944","1.27071241449798","1.12204095724185"
"step3","mtwa_anom","1","1.5076805726163","1.06198692385568","1.00322753397699","1.74286842209692","1.74463540660156","1.30446130628905","1.35961215548126","1.56774196846354","1.00332373362818","0.865084411615548","1.07869484633664"
