"","varname","mean_null","random_null","AWIESM1","AWIESM2","CCSM4-UofT","CESM1-2","iLOVECLIM-GLAC","iLOVECLIM-ICE","INM-CM4-8","IPSLCM5A2","MIROC-ES2L","MPI-ESM1-2"
"step1","mtwa_anom","1","1.47411963507528","1.353169676826","1.18606075762129","1.4422703408635","1.08821229362949","1.89172423761101","1.87503910532187","1.0611636366583","1.55083140166959","1.4612628310424","1.29977022841265"
"step2","mtwa_anom","1","1.47411963507528","1.33352176842989","1.14072959759337","1.20707979526632","1.11004928896324","1.23468286220905","1.23533588104023","1.07813367956454","1.54282378777883","1.20228635910262","1.30216864777885"
"step3","mtwa_anom","1","1.47411963507528","1.45507274880981","1.32165918007033","1.33519332104852","1.33821363016985","1.38603899360599","1.37493898109533","1.25415462928202","1.18413203659913","1.39999062514327","1.48243295008287"
