"","varname","mean_null","random_null","AWIESM1","AWIESM2","CCSM4-UofT","CESM1-2","iLOVECLIM-GLAC","iLOVECLIM-ICE","INM-CM4-8","IPSLCM5A2","MIROC-ES2L","MPI-ESM1-2"
"step1","mtwa_anom","1","1.40073025917461","2.47630965231351","2.53300938048632","2.2803538177509","0.773417202796107","2.41933640989071","2.40903184289142","1.93839610167132","0.895497810800191","2.22739094053463","2.02041252810692"
"step2","mtwa_anom","1","1.40073025917461","1.10089936671408","0.972483936498109","1.31289178304929","0.704756949389008","0.628984150883685","0.640248777657994","1.26977092343124","0.89547501093658","1.01226587516151","0.96016415390379"
"step3","mtwa_anom","1","1.40073025917461","0.768357016630984","0.885288721445292","1.05872606670061","0.746509510782367","0.666288356360074","0.682239600820723","0.798511261536497","0.744764661501964","0.690003344554905","0.968215534794286"
