"","varname","mean_null","random_null","AWIESM1","AWIESM2","CCSM4-UofT","CESM1-2","iLOVECLIM-GLAC","iLOVECLIM-ICE","INM-CM4-8","IPSLCM5A2","MIROC-ES2L","MPI-ESM1-2"
"step1","mtwa_anom","1","1.44173712635304","0.945022649882955","1.04351629919897","1.43193671801833","1.61556156621707","1.27539196088182","1.50523942969632","1.09734520233473","1.27955247659794","1.04764700450561","0.923192362455729"
"step2","mtwa_anom","1","1.44173712635304","0.942626873651888","0.886348616150175","1.43714903811973","1.39390195525295","1.26406695514807","1.50546527507919","1.07120728828527","0.965153730259429","0.997807536555261","0.923590545730099"
"step3","mtwa_anom","1","1.44173712635304","0.889582305599329","0.882311295942495","1.52871037388702","1.45321064107483","1.28608240976886","1.32060915529804","1.19629791820656","0.980580473124789","0.949204450807248","0.973255689826066"
