"","varname","mean_null","random_null","AWIESM1","AWIESM2","CCSM4-UofT","CESM1-2","iLOVECLIM-GLAC","iLOVECLIM-ICE","INM-CM4-8","IPSLCM5A2","MIROC-ES2L","MPI-ESM1-2"
"step1","mtwa_anom","1","1.45402956082381","4.97336853117735","5.36307286052894","5.04498366439518","1.50073099696161","6.1966394091139","6.31540490752004","5.81712249358434","2.34078803829556","5.2205942021792","5.24058543121955"
"step2","mtwa_anom","1","1.45402956082381","1.91067731813907","1.48334746130048","2.71184350895346","1.35440371327052","0.964492280915246","0.96311607205128","2.6881348565255","1.71825734979063","2.25761492466445","1.97876007450946"
"step3","mtwa_anom","1","1.45402956082381","1.53715824456861","1.30241290662411","1.34808090038408","1.44979516030269","1.17656418354953","1.16677802390943","1.21298429401318","1.17313083879463","1.61250283430262","1.1439584054423"
