"","varname","mean_null","random_null","AWIESM1","AWIESM2","CCSM4-UofT","CESM1-2","iLOVECLIM-GLAC","iLOVECLIM-ICE","INM-CM4-8","IPSLCM5A2","MIROC-ES2L","MPI-ESM1-2"
"step1","mtwa_anom","1","1.42017362049128","2.14618758371043","2.48131981890099","1.87750895941048","1.34122521602903","2.33630710437195","2.35824539535587","1.65933191649869","1.20874859756951","1.80582311018622","1.99719899285551"
"step2","mtwa_anom","1","1.42017362049128","1.01081223676741","0.961052465915279","1.38684992850351","1.24710514168342","1.16559760837944","1.4385990158303","1.0668195698418","1.0007542565287","1.06590077174804","0.957211194578038"
"step3","mtwa_anom","1","1.42017362049128","0.885493015705703","0.928480414528965","1.34705613939522","1.28099825604299","1.18101368653189","1.24096598962055","1.08692329651149","0.982714524600758","0.927582217259022","0.999145860091261"
