"","varname","mean_null","random_null","AWIESM1","AWIESM2","CCSM4-UofT","CESM1-2","iLOVECLIM-GLAC","iLOVECLIM-ICE","INM-CM4-8","IPSLCM5A2","MIROC-ES2L","MPI-ESM1-2"
"step1","mtwa_anom","1","1.42325523814134","1.91673575332702","1.75795967970596","2.56592835270782","2.54763186956717","1.6023866508919","1.68999303015729","2.70560744635179","2.28875281968685","2.23940633693394","1.92214800469708"
"step2","mtwa_anom","1","1.42325523814134","1.78578296874625","1.37653485964405","2.47818126075456","1.26050041774093","0.979643803645844","0.977618484170698","2.32800347000276","1.64977003488803","1.95331835470743","1.75741658737308"
"step3","mtwa_anom","1","1.42325523814134","1.58274765390351","1.33146579167801","1.38374787635622","1.43353499607481","1.22900757760495","1.2124942654727","1.20423561307675","1.27360892400294","1.54805675527887","1.19603524142913"
