"","varname","mean_null","random_null","AWIESM1","AWIESM2","CCSM4-UofT","CESM1-2","iLOVECLIM-GLAC","iLOVECLIM-ICE","INM-CM4-8","IPSLCM5A2","MIROC-ES2L","MPI-ESM1-2"
"step1","mtwa_anom","1","1.44045895527394","1.48290866865429","1.7549280252273","1.56374810550911","1.27200483824332","1.67427358002236","1.81800430278798","1.21550977518539","0.988565455650702","1.25329142549626","1.33408840919146"
"step2","mtwa_anom","1","1.44045895527394","0.993288342908315","0.922998224827544","1.45019268539764","1.31459945510893","1.19522890715996","1.45335616530987","1.11451966912434","0.990454980479056","1.06197337668683","0.933693350258906"
"step3","mtwa_anom","1","1.44045895527394","0.866213012256054","0.889059610713543","1.40458964243058","1.35109950923711","1.20407183302388","1.26009384985596","1.13230843957961","0.96562868686701","0.921776537605117","0.970284418276734"
