"","varname","mean_null","random_null","AWIESM1","AWIESM2","CCSM4-UofT","CESM1-2","iLOVECLIM-GLAC","iLOVECLIM-ICE","INM-CM4-8","IPSLCM5A2","MIROC-ES2L","MPI-ESM1-2"
"step1","mtwa_anom","1","1.40717907444616","1.25563920525581","1.16175785534251","1.08012367582838","1.84626688076724","1.46053313707939","1.40113226579138","1.006395883849","1.67895426777743","0.967400946118621","0.93283472644457"
"step2","mtwa_anom","1","1.40717907444616","1.02091602226519","0.882201860132324","1.0330707357843","0.623136311307912","0.801175681973494","0.780620450806904","0.978547381045157","0.914511723799679","0.75643497359838","0.899080156422041"
"step3","mtwa_anom","1","1.40717907444616","0.725450075874438","0.852583277658555","0.952595895982911","0.658202868275283","0.891173462527827","0.882622125103989","0.583684445739193","0.756205791821578","0.547359651212627","0.944015351561477"
