"","varname","mean_null","random_null","AWIESM1","AWIESM2","CCSM4-UofT","CESM1-2","iLOVECLIM-GLAC","iLOVECLIM-ICE","INM-CM4-8","IPSLCM5A2","MIROC-ES2L","MPI-ESM1-2"
"step1","pre_anom","1","1.44123193881729","1.07677892398299","1.2086294093113","1.35902620638723","1.02708647444756","0.995951331752379","1.02698048741151","0.978278368963561","1.04895430744436","1.26332917887671","1.33405401949225"
"step2","pre_anom","1","1.44123193881729","0.632779318460526","0.747941382276801","1.21256010428178","0.714414807713304","1.00297514862152","1.03131271318598","0.941402471307777","0.93944259548737","0.915697372145514","0.916694117435188"
"step3","pre_anom","1","1.44123193881729","0.692234021094972","0.869172770752601","1.10849907068172","0.771460216161059","0.579695323774947","0.590327002450695","0.9070130466342","0.747601432909201","1.01456635719167","1.1363143526643"
