"","varname","mean_null","random_null","AWIESM1","AWIESM2","CCSM4-UofT","CESM1-2","iLOVECLIM-GLAC","iLOVECLIM-ICE","INM-CM4-8","IPSLCM5A2","MIROC-ES2L","MPI-ESM1-2"
"step1","pre_anom","1","1.53141113832575","1.1776514169733","1.10383729650989","2.07682365896399","1.47032790669041","1.61995921206494","1.58826360274651","1.26660557997055","1.49999673938519","1.40381881265047","1.33541762772298"
"step2","pre_anom","1","1.53141113832575","1.15130545421941","1.0979524223714","1.50311594184629","1.12058287646081","1.44704784431432","1.46031777551025","0.920552014418484","1.10791109132408","1.04290678127197","1.17324709938672"
"step3","pre_anom","1","1.53141113832575","1.22083536274831","1.16985858064361","1.35758965697819","1.19898054271118","1.23502358327253","1.25421918707661","0.916094062897997","0.901237272336209","1.06433517778365","1.15999239364954"
