"","varname","mean_null","random_null","AWIESM1","AWIESM2","CCSM4-UofT","CESM1-2","iLOVECLIM-GLAC","iLOVECLIM-ICE","INM-CM4-8","IPSLCM5A2","MIROC-ES2L","MPI-ESM1-2"
"step1","pre_anom","1","1.34312312897432","0.958095366698164","0.943793454828905","1.58656358559845","0.974063485824787","1.35811175568323","1.43095053308924","0.785536418134008","0.615103722505601","1.05931043499816","0.804756824474361"
"step2","pre_anom","1","1.34312312897432","0.977037241900971","0.975977865484695","1.51203663087492","0.778974503925108","1.35108759933122","1.4400861192599","0.76010089574454","0.522129422336798","0.86201473633667","0.828561007194611"
"step3","pre_anom","1","1.34312312897432","1.11069723311782","1.11114462228904","1.81331426856524","0.73395032397881","1.32712868006945","1.3511658841308","0.851961866957628","0.537519624772116","0.969491602136774","0.868864257627033"
