"","varname","mean_null","random_null","AWIESM1","AWIESM2","CCSM4-UofT","CESM1-2","iLOVECLIM-GLAC","iLOVECLIM-ICE","INM-CM4-8","IPSLCM5A2","MIROC-ES2L","MPI-ESM1-2"
"step1","pre_anom","1","1.49986644414455","0.799603102305853","0.742806146046415","1.83218253865979","1.0362030009293","2.01372596648319","1.98541933089178","1.62223699748376","1.52052297054012","1.21481765382599","0.90178619090985"
"step2","pre_anom","1","1.49986644414455","0.707546821348036","0.690039486486127","1.67566378652713","0.972152660464352","1.36165051099938","1.39418421030878","1.4301551666625","1.45416509027853","1.23213582383872","0.870981529713711"
"step3","pre_anom","1","1.49986644414455","0.780881970103333","0.734831306244522","1.38544624426815","1.08377716600283","0.765101528102445","0.741744920484365","1.30687666308999","1.10403823243849","1.3450777373275","0.984823558798437"
