"","varname","mean_null","random_null","AWIESM1","AWIESM2","CCSM4-UofT","CESM1-2","iLOVECLIM-GLAC","iLOVECLIM-ICE","INM-CM4-8","IPSLCM5A2","MIROC-ES2L","MPI-ESM1-2"
"step1","pre_anom","1","1.40831236190882","3.12470281989612","2.81251084825735","2.46581090200665","2.69027287119326","2.25597927921633","2.18470385311536","1.39503664044044","1.43505495188501","1.20417474113027","2.90858378715589"
"step2","pre_anom","1","1.40831236190882","1.02148225613492","0.98873987770225","1.55240705039828","0.795575327424123","0.974809912305183","0.835807997015239","0.765351942079889","0.966236345744195","1.06410820850937","0.967939385522261"
"step3","pre_anom","1","1.40831236190882","1.17156008558782","1.09630685090188","1.00671622266712","0.972504864888662","0.838796788251266","0.778627009832467","0.830989349621563","0.650929994980974","0.871507607102228","1.01707225449847"
