"","varname","mean_null","random_null","AWIESM1","AWIESM2","CCSM4-UofT","CESM1-2","iLOVECLIM-GLAC","iLOVECLIM-ICE","INM-CM4-8","IPSLCM5A2","MIROC-ES2L","MPI-ESM1-2"
"step1","pre_anom","1","1.36484507762331","0.980818009642089","0.991978588776404","1.56870639409087","0.786361577994865","1.4822796744222","1.60215803497751","0.745873245930208","0.515940065132846","0.907239215992622","0.887540987769407"
"step2","pre_anom","1","1.36484507762331","0.955020441485233","0.953483362860006","1.56967790302552","0.768974756088737","1.47541947797595","1.57447631735943","0.702187822451238","0.513865470192761","0.861628254336947","0.799688464196473"
"step3","pre_anom","1","1.36484507762331","1.11225206218004","1.11072870538562","1.81410155548241","0.735318972822168","1.3409186748157","1.36606251128902","0.775345836642314","0.507998657662663","0.986899316054033","0.857588190770889"
