"","varname","mean_null","random_null","AWIESM1","AWIESM2","CCSM4-UofT","CESM1-2","iLOVECLIM-GLAC","iLOVECLIM-ICE","INM-CM4-8","IPSLCM5A2","MIROC-ES2L","MPI-ESM1-2"
"step1","pre_anom","1","1.34560819954651","1.02392784734997","0.846745145050078","1.52087057668682","1.08377525580674","1.28611834828665","1.30208398070241","1.09993943184557","0.994017906182056","1.31052576074273","0.843750295712331"
"step2","pre_anom","1","1.34560819954651","0.922710119802227","0.777567163733625","1.25861489063242","0.906081807768862","0.968428431824479","0.973122880368332","0.945775660975737","0.855994207262724","0.986527047935656","0.705943045571739"
"step3","pre_anom","1","1.34560819954651","1.05557721336807","0.767557383042267","1.36452714696775","0.978846578921892","1.27632376351775","1.25362987055517","1.03307875059031","0.978477431753232","1.31884028417299","0.766447924393402"
