"","varname","mean_null","random_null","AWIESM1","AWIESM2","CCSM4-UofT","CESM1-2","iLOVECLIM-GLAC","iLOVECLIM-ICE","INM-CM4-8","IPSLCM5A2","MIROC-ES2L","MPI-ESM1-2"
"step1","pre_anom","1","1.51712271302895","1.23132127538614","1.19857495126177","1.81215619987818","1.27369065336873","1.45076753930069","1.47385675026137","0.960824854480664","1.25800487262723","1.13335536593729","1.19858270969653"
"step2","pre_anom","1","1.51712271302895","1.24794822313514","1.18896256612237","1.5339678399792","1.19543890132226","1.45041026798147","1.4723587926108","0.926201186104829","1.13469887639589","1.02136948022737","1.24340472738404"
"step3","pre_anom","1","1.51712271302895","1.30284997341555","1.2393594789486","1.42135115554848","1.27909326795767","1.29168522190991","1.32232580353088","0.92783383206061","0.9378771098971","1.04464116060511","1.21014906002766"
