"","varname","mean_null","random_null","AWIESM1","AWIESM2","CCSM4-UofT","CESM1-2","iLOVECLIM-GLAC","iLOVECLIM-ICE","INM-CM4-8","IPSLCM5A2","MIROC-ES2L","MPI-ESM1-2"
"step1","pre_anom","1","1.36933598660533","4.34121562220685","4.02728993451672","3.63843090290005","3.91407105046604","3.61262631044707","3.54001700121681","2.57259129756088","2.47842286990311","2.11350918134928","4.12557658530458"
"step2","pre_anom","1","1.36933598660533","1.01305176932842","0.985663030865758","1.57971900460011","0.821272061889777","0.855522299990898","0.737244188944548","0.769317992073392","0.969433827108144","1.17696144634491","0.977047015926013"
"step3","pre_anom","1","1.36933598660533","1.14825059247778","1.08433652302376","1.00222937432787","0.990377493633128","0.765630196114006","0.675741581402943","0.835117014147232","0.640388733756866","0.880163482200491","1.03264688194789"
