"","varname","mean_null","random_null","AWIESM1","AWIESM2","CCSM4-UofT","CESM1-2","iLOVECLIM-GLAC","iLOVECLIM-ICE","INM-CM4-8","IPSLCM5A2","MIROC-ES2L","MPI-ESM1-2"
"step1","pre_anom","1","1.58287601551689","1.2585782072858","1.22237416370162","1.29797480808477","1.09012185204295","1.32635008241757","1.33140302876204","1.02656347904716","1.06829875654606","1.07281913359393","1.16866872629674"
"step2","pre_anom","1","1.58287601551689","1.08149491307551","1.01899053323021","1.33258110615048","1.09855163883064","1.26373383809708","1.26464962048659","0.986633502539654","1.06401905270741","1.05899034229388","1.12020025422907"
"step3","pre_anom","1","1.58287601551689","1.34168628519482","1.21768490985493","1.39535494406545","1.39705103159747","1.37448269357518","1.38022582878389","1.13155460227079","1.07807274231989","1.28270504110327","1.2605857492985"
