"","varname","mean_null","random_null","AWIESM1","AWIESM2","CCSM4-UofT","CESM1-2","iLOVECLIM-GLAC","iLOVECLIM-ICE","INM-CM4-8","IPSLCM5A2","MIROC-ES2L","MPI-ESM1-2"
"step1","pre_anom","1","1.59215224632259","1.09864163590679","1.04512362158646","1.41849078398411","1.10248198926884","1.29788906121929","1.30287508754726","0.987622129935776","1.10822020836796","1.08159958393491","1.08263958775483"
"step2","pre_anom","1","1.59215224632259","1.08617580650546","1.01641719362715","1.33656035598691","1.07692033380405","1.30245668560523","1.30344438862633","0.979016630071129","1.05919064557091","1.05903224153909","1.09698393097362"
"step3","pre_anom","1","1.59215224632259","1.33114840065982","1.19951057461012","1.36828899813716","1.35500469281943","1.38135738627592","1.38859686018495","1.1111414228993","1.04481228400921","1.25285649339052","1.22531162724959"
