"","varname","mean_null","random_null","AWIESM1","AWIESM2","CCSM4-UofT","CESM1-2","iLOVECLIM-GLAC","iLOVECLIM-ICE","INM-CM4-8","IPSLCM5A2","MIROC-ES2L","MPI-ESM1-2"
"step1","pre_anom","1","1.51905991980115","0.662315045511485","0.780030085160137","1.41026089018515","0.794421958153397","1.28882257752948","1.32578145600638","0.995887389156207","1.11735451979693","1.04656834281147","0.969960129307401"
"step2","pre_anom","1","1.51905991980115","0.630082350225951","0.710259259369165","1.51404910529717","0.809146212842837","1.23883344401801","1.270516958832","1.23580152840741","1.23659397477161","1.05404972904887","0.901721626763421"
"step3","pre_anom","1","1.51905991980115","0.669819518276826","0.771712596397185","1.23976534058511","0.915588034204839","0.635128384510144","0.630748405316896","1.12079273667675","0.932459147792646","1.17583286519048","1.05145004069421"
