"","varname","mean_null","random_null","AWIESM1","AWIESM2","CCSM4-UofT","CESM1-2","iLOVECLIM-GLAC","iLOVECLIM-ICE","INM-CM4-8","IPSLCM5A2","MIROC-ES2L","MPI-ESM1-2"
"step1","pre_anom","1","1.52130477427472","1.14401096156997","1.13220436339075","1.74357650464272","1.19880870307019","1.41984015259787","1.44478406198179","0.95868113588515","1.22915774484626","1.11421236486145","1.15834044789546"
"step2","pre_anom","1","1.52130477427472","1.15418303869742","1.11448130745663","1.52998054160942","1.14526501055417","1.42053141108951","1.44497922019388","0.925443568961958","1.13298858984623","1.04788939569202","1.20301012715562"
"step3","pre_anom","1","1.52130477427472","1.21912056625089","1.18344554722782","1.37052172203009","1.2238005088867","1.19832163103702","1.21822451421043","0.915537291121264","0.913566161115579","1.06445277901252","1.18317049980004"
