"","varname","mean_null","random_null","AWIESM1","AWIESM2","CCSM4-UofT","CESM1-2","iLOVECLIM-GLAC","iLOVECLIM-ICE","INM-CM4-8","IPSLCM5A2","MIROC-ES2L","MPI-ESM1-2"
"step1","pre_anom","1","1.45278024133082","1.32420730712206","1.32190326213416","2.77895935730391","1.79792918287046","1.89560877249977","1.9988978279617","1.3277264404149","1.969222754103","1.90525035330175","1.27354472574081"
"step2","pre_anom","1","1.45278024133082","1.32575737172456","1.33498794055104","1.19721476891593","0.957821354693181","1.9349263007793","2.00958224614116","0.917940267733853","1.33818627249786","1.27185943005624","0.888672214969567"
"step3","pre_anom","1","1.45278024133082","1.07326662384959","1.04437473749014","1.02718454950467","0.897394726868202","1.33240398475837","1.34235199273255","0.734721729295256","0.857130111672512","1.00070182216935","0.775521933266617"
