"","varname","mean_null","random_null","AWIESM1","AWIESM2","CCSM4-UofT","CESM1-2","iLOVECLIM-GLAC","iLOVECLIM-ICE","INM-CM4-8","IPSLCM5A2","MIROC-ES2L","MPI-ESM1-2"
"step1","pre_anom","1","1.29641945757761","1.70597711372147","1.89094586232802","1.45523088793391","1.49561078189017","1.37285486486883","1.32949162631189","1.50651928064319","1.55867289412151","1.55486507353946","2.25045483468588"
"step2","pre_anom","1","1.29641945757761","0.951762359521652","0.970108762247603","1.11358304210488","0.691056313359644","1.36943535973738","1.3243682462782","0.946494011396252","1.20057871950623","0.784051138975759","1.10791462450229"
"step3","pre_anom","1","1.29641945757761","1.11024469142028","1.26859796951676","1.02143165498007","0.768532568638992","0.904597978281807","0.86283035415432","0.872503353456369","0.64842547986878","0.89089841635858","1.36533246871652"
