"","varname","mean_null","random_null","AWIESM1","AWIESM2","CCSM4-UofT","CESM1-2","iLOVECLIM-GLAC","iLOVECLIM-ICE","INM-CM4-8","IPSLCM5A2","MIROC-ES2L","MPI-ESM1-2"
"step1","pre_anom","1","1.35421242998249","0.927348118864468","0.921875316043807","1.57341604039153","0.875108124829726","1.38997948663321","1.5044283925589","0.732757116990269","0.530719833837488","0.97431165110781","0.80791516098283"
"step2","pre_anom","1","1.35421242998249","0.968636044043124","0.96782968162097","1.55049714458751","0.772073687098333","1.41913285625411","1.50751280571723","0.733560492579812","0.508456859385107","0.865338347169089","0.815248979382304"
"step3","pre_anom","1","1.35421242998249","1.1129994749845","1.1129901320255","1.81840818815946","0.733362126587632","1.33574166110138","1.36088462344031","0.816905664706576","0.513252982710938","0.982048968782607","0.862480703636338"
