"","varname","mean_null","random_null","AWIESM1","AWIESM2","CCSM4-UofT","CESM1-2","iLOVECLIM-GLAC","iLOVECLIM-ICE","INM-CM4-8","IPSLCM5A2","MIROC-ES2L","MPI-ESM1-2"
"step1","pre_anom","1","1.43027721584776","1.1008065397584","1.03229377550837","1.50826201046248","0.756071530700073","2.67458574525182","2.62364052772519","1.23927572571498","1.9173731163202","0.969660802204167","1.19186770084345"
"step2","pre_anom","1","1.43027721584776","1.10472278505967","1.05580285156627","1.37109493948938","0.724872164202745","2.24274590324467","2.18719983147203","1.17269971749748","2.00423253490427","0.955153293102795","1.10884669480366"
"step3","pre_anom","1","1.43027721584776","1.16013939941315","1.25554656050891","0.966504573564822","0.756941784521382","1.03285220145956","1.00853946596511","0.829064462233977","0.658172900146209","1.01856031005231","1.20269920463119"
