"","varname","mean_null","random_null","AWIESM1","AWIESM2","CCSM4-UofT","CESM1-2","iLOVECLIM-GLAC","iLOVECLIM-ICE","INM-CM4-8","IPSLCM5A2","MIROC-ES2L","MPI-ESM1-2"
"step1","pre_anom","1","1.51113647556863","1.24137036324721","1.16460207847823","2.12349021365684","1.54428707966299","1.55255443304689","1.52061373139653","1.2164684513688","1.50261506257069","1.4373411607282","1.40844139324239"
"step2","pre_anom","1","1.51113647556863","1.23400750624883","1.16891748900002","1.50112222290765","1.16657005569019","1.42607345534374","1.44583229898009","0.897002716333146","1.07826137556617","1.01085201986821","1.21994813428484"
"step3","pre_anom","1","1.51113647556863","1.29812557273959","1.22661295912205","1.40740554771664","1.25406831991942","1.29061187068663","1.31827366592904","0.906806150613354","0.903675667138914","1.04172058568162","1.19821542981728"
