"","varname","mean_null","random_null","AWIESM1","AWIESM2","CCSM4-UofT","CESM1-2","iLOVECLIM-GLAC","iLOVECLIM-ICE","INM-CM4-8","IPSLCM5A2","MIROC-ES2L","MPI-ESM1-2"
"step1","pre_anom","1","1.34178907891418","0.900929775078937","0.736300870856341","1.41018009443393","0.955247019399766","1.10039607549236","1.08285860259075","0.999400209604617","0.940896328983775","1.12280992755639","0.726367976294359"
"step2","pre_anom","1","1.34178907891418","0.89851303781376","0.745684820236751","1.32461750805884","0.923470312162229","0.980438890076069","0.985614424550873","0.991367297476816","0.928589469856379","0.990117593737633","0.726462248485577"
"step3","pre_anom","1","1.34178907891418","1.01706583943609","0.732703043208753","1.39480803000652","1.02046973284559","1.29215231691637","1.26652841084209","1.09600200036621","1.05371229981041","1.28858731137455","0.78845493092154"
