"","varname","mean_null","random_null","AWIESM1","AWIESM2","CCSM4-UofT","CESM1-2","iLOVECLIM-GLAC","iLOVECLIM-ICE","INM-CM4-8","IPSLCM5A2","MIROC-ES2L","MPI-ESM1-2"
"step1","pre_anom","1","1.39632787507835","3.74983791789011","3.43530154851985","3.05747653851037","3.31767612036652","2.92696791721368","2.8550317324284","1.97777307685303","1.94369774363004","1.58679650207461","3.53377939696815"
"step2","pre_anom","1","1.39632787507835","1.01752088893817","0.988624027813118","1.57181415825173","0.8088698482287","0.907332423154261","0.781047463386417","0.763109549710231","0.972940798786723","1.11181029259852","0.970064774732181"
"step3","pre_anom","1","1.39632787507835","1.15854757296605","1.08716703908908","1.0010249534907","0.973915676259155","0.786465826303685","0.724095580054637","0.83121432648476","0.632464524727774","0.877343097048144","1.01827738093442"
