"","varname","mean_null","random_null","AWIESM1","AWIESM2","CCSM4-UofT","CESM1-2","iLOVECLIM-GLAC","iLOVECLIM-ICE","INM-CM4-8","IPSLCM5A2","MIROC-ES2L","MPI-ESM1-2"
"step1","pre_anom","1","1.59283832624287","1.11429303859904","1.02237374087106","1.62320618931039","1.25248387761422","1.42816552685277","1.40189183286341","1.14632130699279","1.29465263318732","1.23699164272571","1.15581097244376"
"step2","pre_anom","1","1.59283832624287","1.08051289538979","1.00485598598678","1.31686181018059","1.04597589214948","1.3311038044592","1.32957117118882","0.965176855709678","1.05404908225233","1.05025224240732","1.06334745509316"
"step3","pre_anom","1","1.59283832624287","1.32160896825032","1.18606239780284","1.33430318533028","1.30826292868195","1.39418064523986","1.39962938118544","1.09898227854015","1.0264882640087","1.2255243553809","1.1930399175344"
