"","varname","mean_null","random_null","AWIESM1","AWIESM2","CCSM4-UofT","CESM1-2","iLOVECLIM-GLAC","iLOVECLIM-ICE","INM-CM4-8","IPSLCM5A2","MIROC-ES2L","MPI-ESM1-2"
"step1","pre_anom","1","1.52021866988981","1.47667851060998","1.4670431800138","1.55855174306242","1.14635382791207","1.60539418626097","1.6298546313635","0.979745552380583","1.18368278717086","1.01907627897896","1.24656297816738"
"step2","pre_anom","1","1.52021866988981","1.25087708153973","1.19908131374052","1.54848512530502","1.21649065743614","1.46461771783712","1.47974434238932","0.95888858504812","1.18882124358995","1.02124198934739","1.25694386102113"
"step3","pre_anom","1","1.52021866988981","1.30902335386053","1.25192425629152","1.43556204017336","1.30540397558532","1.29839316028192","1.32178553012784","0.961769963068636","0.988373671608796","1.04818516207336","1.22563444445567"
