"","varname","mean_null","random_null","AWIESM1","AWIESM2","CCSM4-UofT","CESM1-2","iLOVECLIM-GLAC","iLOVECLIM-ICE","INM-CM4-8","IPSLCM5A2","MIROC-ES2L","MPI-ESM1-2"
"step1","pre_anom","1","1.34618452278035","1.25134434733146","1.37815185865079","1.221024168368","0.912999042518238","1.74585167962233","1.69401473525789","1.08853333579652","1.50485048676295","1.05888078891992","1.74025196811008"
"step2","pre_anom","1","1.34618452278035","1.00396146257642","1.00951911914858","1.22052637379749","0.678287054616784","1.73029103246517","1.67845493814734","1.02966993059856","1.54514063244318","0.827723508135431","1.11543701525607"
"step3","pre_anom","1","1.34618452278035","1.11333931240093","1.25847349304819","0.979184410086591","0.731176620804779","0.934385957241016","0.907539351404295","0.82800978835705","0.585404532321859","0.912856519448625","1.28675776492225"
