"","varname","mean_null","random_null","AWIESM1","AWIESM2","CCSM4-UofT","CESM1-2","iLOVECLIM-GLAC","iLOVECLIM-ICE","INM-CM4-8","IPSLCM5A2","MIROC-ES2L","MPI-ESM1-2"
"step1","pre_anom","1","1.37507714723958","1.28371205395807","1.08807615959471","1.66424405494965","1.27131862021058","1.60699281398026","1.62205802271267","1.26329939649631","1.17614617164182","1.51956930648919","1.10305613395518"
"step2","pre_anom","1","1.37507714723958","0.941896337384323","0.811977485068855","1.22322044127866","0.910092511809457","0.958981068825491","0.957250848829529","0.909137693972498","0.799064894746211","0.980507016818037","0.699638570999755"
"step3","pre_anom","1","1.37507714723958","1.0880933742038","0.802845432407761","1.34620362196189","0.948934151897995","1.2642788390943","1.24312962908409","0.99413372566168","0.928317378123596","1.35017925746289","0.754331949961618"
