"","varname","mean_null","random_null","AWIESM1","AWIESM2","CCSM4-UofT","CESM1-2","iLOVECLIM-GLAC","iLOVECLIM-ICE","INM-CM4-8","IPSLCM5A2","MIROC-ES2L","MPI-ESM1-2"
"step1","pre_anom","1","1.51408520919461","1.41092197360917","1.42335441569833","1.52382489533564","1.12410027191766","1.50241161445349","1.52799764841072","0.977263213880112","1.15967607507136","1.05445758271165","1.25728524351186"
"step2","pre_anom","1","1.51408520919461","1.15216097791044","1.12607580501268","1.53046364105056","1.16889706007781","1.39724723381434","1.41591986240761","0.934268639522487","1.15688373936808","1.04833026636256","1.2260317296051"
"step3","pre_anom","1","1.51408520919461","1.22676930786694","1.20447904468911","1.38706608573144","1.25862090287689","1.17801045452094","1.19992872092439","0.933339741376736","0.949004732631399","1.07621415534341","1.21667505468477"
