"","varname","mean_null","random_null","AWIESM1","AWIESM2","CCSM4-UofT","CESM1-2","iLOVECLIM-GLAC","iLOVECLIM-ICE","INM-CM4-8","IPSLCM5A2","MIROC-ES2L","MPI-ESM1-2"
"step1","tas_anom","1","1.44151668672334","1.29845451608089","1.31469349037102","1.69029901447771","1.33996390804068","1.85844565513547","1.74420560723225","0.832343804755483","0.897992008288389","0.855209946076704","1.18644908270247"
"step2","tas_anom","1","1.44151668672334","0.985374560088599","0.95564532587311","1.70914897326348","1.26980277247883","0.953319262310543","0.932814449879713","0.844301325377155","0.874854186086221","0.873077503615607","1.08429782482772"
"step3","tas_anom","1","1.44151668672334","1.08088909596579","1.07575264380003","1.16028453948338","1.03368800966193","1.28022157414786","1.20338119061943","0.831644605030607","0.970116504511815","0.945494729096235","1.06111950052709"
