"","varname","mean_null","random_null","AWIESM1","AWIESM2","CCSM4-UofT","CESM1-2","iLOVECLIM-GLAC","iLOVECLIM-ICE","INM-CM4-8","IPSLCM5A2","MIROC-ES2L","MPI-ESM1-2"
"step1","tas_anom","1","1.44523450520011","0.913019562201497","0.915493685553098","1.01775391910411","1.34745733591227","1.67600785300411","1.72633974464254","1.05658772997203","1.33538235306567","0.881696447566869","0.822919277927132"
"step2","tas_anom","1","1.44523450520011","0.839184764647438","0.80302279381071","1.0418725507452","1.08811021198307","0.995990529210275","1.01963864517737","0.980933734742354","1.04984688137512","0.886241059651184","0.836734516242983"
"step3","tas_anom","1","1.44523450520011","1.04218980315479","1.025121585975","1.0815905333821","1.10242268855934","1.35022518957899","1.37386128743119","0.868404477164253","0.923751882414474","1.02696464500427","0.95873207432212"
