"","varname","mean_null","random_null","AWIESM1","AWIESM2","CCSM4-UofT","CESM1-2","iLOVECLIM-GLAC","iLOVECLIM-ICE","INM-CM4-8","IPSLCM5A2","MIROC-ES2L","MPI-ESM1-2"
"step1","tas_anom","1","1.40366535656237","5.91743714361023","6.13660579123326","5.71188557601953","1.60655970392986","6.31566171837274","6.52051648284052","5.26642205302443","2.94068871306892","5.80557570013144","5.73648974881711"
"step2","tas_anom","1","1.40366535656237","1.43052028704721","1.19792525718902","2.67425492470273","1.08552428920505","0.99650630402508","1.02969836703304","1.43769375785006","1.52184163740348","1.13008019366184","1.23024593070058"
"step3","tas_anom","1","1.40366535656237","1.4762077501586","1.31515617867612","1.34779041045688","1.23975287594787","1.2617224031945","1.32556775656229","1.21108151315656","0.954859228494461","1.29707565894548","0.958322238513733"
