"","varname","mean_null","random_null","AWIESM1","AWIESM2","CCSM4-UofT","CESM1-2","iLOVECLIM-GLAC","iLOVECLIM-ICE","INM-CM4-8","IPSLCM5A2","MIROC-ES2L","MPI-ESM1-2"
"step1","tas_anom","1","1.35512042664558","3.05660999538241","2.8245923272935","2.42955230989458","0.867362404538294","2.26783553388153","2.2774741522383","1.69440076558442","1.03627338800377","2.29368027955845","2.24649306343619"
"step2","tas_anom","1","1.35512042664558","0.883310485916069","0.832835929741758","1.16915830631011","0.863012709755931","0.549470543486962","0.57097988839096","0.818088470749785","0.883872348295211","0.657945249298828","0.847327805331002"
"step3","tas_anom","1","1.35512042664558","0.844927641986705","0.897623102069434","1.10036937231814","0.833179421050745","0.578885959334118","0.605163269980613","0.621440892318536","0.970028423823807","0.602062483371975","0.950075313459928"
