"","varname","mean_null","random_null","AWIESM1","AWIESM2","CCSM4-UofT","CESM1-2","iLOVECLIM-GLAC","iLOVECLIM-ICE","INM-CM4-8","IPSLCM5A2","MIROC-ES2L","MPI-ESM1-2"
"step1","tas_anom","1","1.37195783398359","1.69870335445386","1.69117474931092","1.52025145736492","0.931958942287946","2.01654209769131","1.94360690108866","1.10916889503983","0.962348311916028","1.17449437192015","1.38734781120096"
"step2","tas_anom","1","1.37195783398359","0.731436933245883","0.720206654894869","1.23617716110862","0.911158722736189","0.819953000745923","0.778470624206327","0.714996522637252","0.679230076158834","0.722887560210237","0.778473450303164"
"step3","tas_anom","1","1.37195783398359","0.784472632145275","0.796607986985448","0.846754094119136","0.754663821302137","0.869114577725413","0.823288479731875","0.596122825424477","0.737985479669329","0.630618392513147","0.773612968020828"
