"","varname","mean_null","random_null","AWIESM1","AWIESM2","CCSM4-UofT","CESM1-2","iLOVECLIM-GLAC","iLOVECLIM-ICE","INM-CM4-8","IPSLCM5A2","MIROC-ES2L","MPI-ESM1-2"
"step1","tas_anom","1","1.41822220085066","1.46802260909392","1.41322000343592","2.9445544534813","2.16015203295358","2.32530267278408","2.20258586805829","0.901252917556223","0.918008865682089","0.886778529693012","1.27533140320655"
"step2","tas_anom","1","1.41822220085066","1.19253634574561","0.923870785164785","2.94427623303229","1.94281020049817","1.14678512083206","1.17921416066566","0.843319865705996","0.91794130873446","0.805815559158313","1.26224121079544"
"step3","tas_anom","1","1.41822220085066","0.945945859317922","0.82681802073543","0.918883945962228","0.966944558431619","1.33493403670263","1.35266021264939","0.772865666967135","1.08100638754554","0.72988753246309","0.825969029845695"
