"","varname","mean_null","random_null","AWIESM1","AWIESM2","CCSM4-UofT","CESM1-2","iLOVECLIM-GLAC","iLOVECLIM-ICE","INM-CM4-8","IPSLCM5A2","MIROC-ES2L","MPI-ESM1-2"
"step1","tas_anom","1","1.32983226739033","2.48942989111847","2.22918614544071","1.79453258254547","0.744520005800517","1.91703893083465","1.87406835001588","1.36009608378258","0.781914164165025","1.84979912078264","1.67566346931444"
"step2","tas_anom","1","1.32983226739033","0.785321718541863","0.834094640798687","0.926637065639733","0.772096318643413","0.508922861262904","0.503053886980938","0.449049491829404","0.752669413482014","0.472111949788511","0.827527519006325"
"step3","tas_anom","1","1.32983226739033","0.834726084722817","0.947127081294024","1.061669254044","0.605313229193474","0.487964345615092","0.466702889123464","0.414917013771483","0.733905439201102","0.4797473651832","0.880957610262277"
