"","varname","mean_null","random_null","AWIESM1","AWIESM2","CCSM4-UofT","CESM1-2","iLOVECLIM-GLAC","iLOVECLIM-ICE","INM-CM4-8","IPSLCM5A2","MIROC-ES2L","MPI-ESM1-2"
"step1","tas_anom","1","1.43293423303972","5.43787351249355","5.88891725871897","4.18343324298849","2.98764879709476","7.14257479346644","6.68939151796805","2.89991195944633","3.79224296421963","4.4049283768953","4.93511399254513"
"step2","tas_anom","1","1.43293423303972","0.532676024769248","0.576664740380253","0.918260488237506","0.758799956271943","0.867679892880683","1.06274041136521","0.414978504558808","0.329062513790826","0.861951326603068","0.403890707364236"
"step3","tas_anom","1","1.43293423303972","0.478289032222269","0.587641868980107","0.564071894145985","0.387243801085446","1.04678367518268","1.10201168295414","0.365145690505094","0.334698456654002","0.406934805203466","0.369439516582262"
