"","varname","mean_null","random_null","AWIESM1","AWIESM2","CCSM4-UofT","CESM1-2","iLOVECLIM-GLAC","iLOVECLIM-ICE","INM-CM4-8","IPSLCM5A2","MIROC-ES2L","MPI-ESM1-2"
"step1","tas_anom","1","1.32085150746914","3.0940157328414","2.85381639952798","2.38304168760852","1.10024293336418","2.56294180121584","2.5232084266737","2.03564659577757","1.32228786520558","2.49569989978578","2.33849101021105"
"step2","tas_anom","1","1.32085150746914","0.788582910285184","0.846732456756265","0.918013252733662","0.784094083686259","0.497795708913855","0.504167044916095","0.405294147961706","0.775882929041189","0.467088229203219","0.842158878235056"
"step3","tas_anom","1","1.32085150746914","0.844683115401114","0.958934316895397","1.06860345922776","0.617027669567333","0.46004264909493","0.44494515411868","0.393233874531915","0.736554629738621","0.477029471713824","0.896335422228937"
