"","varname","mean_null","random_null","AWIESM1","AWIESM2","CCSM4-UofT","CESM1-2","iLOVECLIM-GLAC","iLOVECLIM-ICE","INM-CM4-8","IPSLCM5A2","MIROC-ES2L","MPI-ESM1-2"
"step1","tas_anom","1","1.40848552794885","1.08603237535551","1.01553483347914","1.53965376105887","1.37493536926928","1.23510136143265","1.16415031512157","0.853497629426074","0.810721823709428","0.940816683965767","1.01281923520017"
"step2","tas_anom","1","1.40848552794885","0.908257056801998","0.859356912825396","1.59327403324461","1.17006665393263","0.911144548032409","0.881223449379703","0.828715967811418","0.778101459575428","0.937201758809022","0.981170767183127"
"step3","tas_anom","1","1.40848552794885","0.966796164384275","0.946888186309432","1.03836976377719","0.94498109450658","1.09905393448531","1.03656086914507","0.776209158175969","0.88808993836419","0.911133280306698","0.951493888965632"
