"","varname","mean_null","random_null","AWIESM1","AWIESM2","CCSM4-UofT","CESM1-2","iLOVECLIM-GLAC","iLOVECLIM-ICE","INM-CM4-8","IPSLCM5A2","MIROC-ES2L","MPI-ESM1-2"
"step1","tas_anom","1","1.44577741184135","1.0342839576249","1.06253589796269","1.07327141048263","1.20176292743993","1.87223394280524","1.92265523820129","0.979688021669798","1.15285212369527","0.953675900958129","0.840477655111022"
"step2","tas_anom","1","1.44577741184135","0.818968669328204","0.782049163883048","1.0278793423576","1.07140970792981","0.947480334765301","0.973835128981753","0.963374419992201","1.03410816819787","0.876900538656872","0.813257721045502"
"step3","tas_anom","1","1.44577741184135","1.01045423625379","0.992667481618655","1.05612803779371","1.07443037005856","1.28487188665997","1.30709019637323","0.842625614021503","0.899905536182808","1.00656961730449","0.928381337391032"
