"","varname","mean_null","random_null","AWIESM1","AWIESM2","CCSM4-UofT","CESM1-2","iLOVECLIM-GLAC","iLOVECLIM-ICE","INM-CM4-8","IPSLCM5A2","MIROC-ES2L","MPI-ESM1-2"
"step1","tas_anom","1","1.40548713296966","1.0555868343181","1.00087881422729","1.68868945357845","1.53356605365797","1.34999224890231","1.25994541962326","0.916470016032802","0.866508312076905","0.981482731714507","1.07067565680526"
"step2","tas_anom","1","1.40548713296966","0.975477402817232","0.934053509299644","1.67139799479908","1.24261502397505","0.939908198639254","0.921999603258224","0.819240160030487","0.835581012984979","0.891462937965111","1.06646488693866"
"step3","tas_anom","1","1.40548713296966","1.09374154246369","1.0771994668635","1.19282691312368","1.05256179252869","1.26850539749393","1.19597648601661","0.827954345442919","0.940531290143524","0.982896916719787","1.07441892153619"
