"","varname","mean_null","random_null","AWIESM1","AWIESM2","CCSM4-UofT","CESM1-2","iLOVECLIM-GLAC","iLOVECLIM-ICE","INM-CM4-8","IPSLCM5A2","MIROC-ES2L","MPI-ESM1-2"
"step1","tas_anom","1","1.47210703291747","1.75120545159792","1.81601823494082","1.77106914800531","1.26625957859102","2.45351815507017","2.33088873908795","0.987489902400399","1.17715140957123","0.974487858558011","1.46558059684079"
"step2","tas_anom","1","1.47210703291747","0.995063247350501","0.974478122931818","1.71864360893341","1.28731674696778","0.964473022863509","0.940135219122522","0.876516582219029","0.924371826935926","0.856482298491634","1.09540360809117"
"step3","tas_anom","1","1.47210703291747","1.0719288891124","1.07731287207637","1.12801709196723","1.01542499942096","1.28682219182984","1.20925962113726","0.848071937159461","1.01218186876996","0.913083460898985","1.05153793201742"
