"","varname","mean_null","random_null","AWIESM1","AWIESM2","CCSM4-UofT","CESM1-2","iLOVECLIM-GLAC","iLOVECLIM-ICE","INM-CM4-8","IPSLCM5A2","MIROC-ES2L","MPI-ESM1-2"
"step1","tas_anom","1","1.44688105966496","1.83947456035935","1.86246678789232","1.74368041146017","1.15122515055635","2.31040627313368","2.2155188392079","1.07358218907547","1.12169109690885","1.14179808264823","1.51307185949066"
"step2","tas_anom","1","1.44688105966496","0.884777667348172","0.854513337132096","1.54622352619116","1.14545788350687","0.910229708972522","0.875690729957751","0.823541377107619","0.818361326541375","0.854591767537542","0.959085699828979"
"step3","tas_anom","1","1.44688105966496","0.923708369566655","0.924701957234451","0.966734316056265","0.889813675261865","1.08263678623627","1.02257161306908","0.745917758916246","0.905310261126382","0.806192595399077","0.909702867904315"
