"","varname","mean_null","random_null","AWIESM1","AWIESM2","CCSM4-UofT","CESM1-2","iLOVECLIM-GLAC","iLOVECLIM-ICE","INM-CM4-8","IPSLCM5A2","MIROC-ES2L","MPI-ESM1-2"
"step1","tas_anom","1","1.38267363899603","1.92144887823673","1.97527673763248","2.39365204425762","1.85376576126348","1.58262451157034","1.71910492169531","1.68813592340608","1.47452933993087","1.83958713593763","1.7784384535532"
"step2","tas_anom","1","1.38267363899603","1.29993768377391","1.10716632828519","2.16658656180746","1.05366801658947","0.960133719582458","0.969974868772762","1.26917045927208","1.35607966795516","1.05832890958739","1.02820171168345"
"step3","tas_anom","1","1.38267363899603","1.53739569697689","1.35000221242542","1.39901750029891","1.31517068879977","1.13719196057218","1.17967623711302","1.25055649098699","1.08960702704053","1.35653985776205","1.00847123787403"
