"","varname","mean_null","random_null","AWIESM1","AWIESM2","CCSM4-UofT","CESM1-2","iLOVECLIM-GLAC","iLOVECLIM-ICE","INM-CM4-8","IPSLCM5A2","MIROC-ES2L","MPI-ESM1-2"
"step1","tas_anom","1","1.38750744619941","1.32069126417665","1.28432154007308","1.39686409228374","0.978288437699947","1.56914145673554","1.49641897928433","0.885508028059652","0.710144994121148","0.970655094499255","1.10425535375759"
"step2","tas_anom","1","1.38750744619941","0.765529106662592","0.744779809867676","1.3253436711714","0.96828825317305","0.836848277130751","0.796691500746468","0.771231543801193","0.683282028034119","0.807459760691084","0.816522804579197"
"step3","tas_anom","1","1.38750744619941","0.807572134380412","0.809921423473623","0.881552775875599","0.787832345676974","0.894914225761917","0.843081859951612","0.618374999367189","0.744645187645103","0.682055686377251","0.795043964032058"
