"","varname","mean_null","random_null","AWIESM1","AWIESM2","CCSM4-UofT","CESM1-2","iLOVECLIM-GLAC","iLOVECLIM-ICE","INM-CM4-8","IPSLCM5A2","MIROC-ES2L","MPI-ESM1-2"
"step1","tas_anom","1","1.39523913203349","1.21242063792198","0.940395047555805","3.20339985055348","2.88299441714469","1.44291124927196","1.38169354613221","1.43798479432348","1.27014523975916","1.53628873758513","1.36860919863291"
"step2","tas_anom","1","1.39523913203349","1.2133975010748","0.930426217471717","2.91018270550964","1.94329816043263","1.12651424024564","1.15927112186071","0.830350382854413","0.867960378350411","0.882170389458677","1.29776278448607"
"step3","tas_anom","1","1.39523913203349","0.995108928908601","0.856609722625991","0.989808905026394","1.0047946681618","1.31126748344648","1.33256910361507","0.780641031409322","1.02360314647948","0.826770745321654","0.881367192214183"
