"","varname","mean_null","random_null","AWIESM1","AWIESM2","CCSM4-UofT","CESM1-2","iLOVECLIM-GLAC","iLOVECLIM-ICE","INM-CM4-8","IPSLCM5A2","MIROC-ES2L","MPI-ESM1-2"
"step1","tas_anom","1","1.44733785044257","1.18158060578","1.2220915225747","1.15673308909955","1.09038180011488","2.06216713667064","2.11480636451867","0.938045859995879","1.03603453509207","1.07557494811461","0.912187516626146"
"step2","tas_anom","1","1.44733785044257","0.803087961830629","0.76927734581214","1.00876886772369","1.04615461704849","0.895760653555347","0.924733533752969","0.941793231193371","1.0204616127907","0.864399116358085","0.783477178757456"
"step3","tas_anom","1","1.44733785044257","0.978358089714591","0.962786127562684","1.03215350664663","1.0446318665489","1.23908804400512","1.25727268434576","0.815300061760758","0.880943471326052","0.988080738983731","0.8974693416209"
