"","varname","mean_null","random_null","AWIESM1","AWIESM2","CCSM4-UofT","CESM1-2","iLOVECLIM-GLAC","iLOVECLIM-ICE","INM-CM4-8","IPSLCM5A2","MIROC-ES2L","MPI-ESM1-2"
"step1","tas_anom","1","1.33735392991323","1.99952679748959","1.76921203343765","1.56985325039358","1.06167016789147","1.24432094501389","1.25943829471972","0.982030996523209","0.973930045266071","1.24974695385905","1.24963859609876"
"step2","tas_anom","1","1.33735392991323","0.907654851439956","0.842890901814527","1.16637286076422","0.857325471927777","0.599587582774809","0.623422358498767","0.900715870819208","0.893617418885133","0.713987428794743","0.867299029745287"
"step3","tas_anom","1","1.33735392991323","0.865769568752559","0.917432606401115","1.09783103272631","0.855170853631464","0.62587765429989","0.665681888984429","0.662964791276522","0.976847261888446","0.648795561067666","0.977786538071141"
