"","varname","mean_null","random_null","AWIESM1","AWIESM2","CCSM4-UofT","CESM1-2","iLOVECLIM-GLAC","iLOVECLIM-ICE","INM-CM4-8","IPSLCM5A2","MIROC-ES2L","MPI-ESM1-2"
"step1","tas_anom","1","1.4336660787336","1.38997869581042","1.3759816358061","1.60887028058555","1.16930505793104","1.7481706689268","1.65804129908612","0.854125491204205","0.833068197431094","0.947784483865307","1.20089544837337"
"step2","tas_anom","1","1.4336660787336","0.897293419433042","0.860275693800206","1.58618173991932","1.16639896507781","0.913580768706296","0.879169404163769","0.829802098135149","0.797305533373416","0.904913810903319","0.975326760924031"
"step3","tas_anom","1","1.4336660787336","0.941769820228144","0.934712478476404","1.00169113053917","0.917088438096838","1.09383283378875","1.03038660216018","0.75613794108036","0.892376892850059","0.858121905030239","0.92998795483267"
