"","varname","mean_null","random_null","AWIESM1","AWIESM2","CCSM4-UofT","CESM1-2","iLOVECLIM-GLAC","iLOVECLIM-ICE","INM-CM4-8","IPSLCM5A2","MIROC-ES2L","MPI-ESM1-2"
"step1","tas_anom","1","1.32315115239185","1.72905931472558","1.46115009470159","1.17801885144926","0.987454506001078","1.14016678623132","1.09412239718399","0.702998894545696","0.831589164185076","1.05377551665448","0.968609428691194"
"step2","tas_anom","1","1.32315115239185","0.778777448276042","0.820764766525857","0.932654564439875","0.75392156193707","0.558343539759506","0.548017283815484","0.52528509497886","0.725018923716545","0.507828764362881","0.808234483039582"
"step3","tas_anom","1","1.32315115239185","0.821464714247409","0.930210413268704","1.05212779110525","0.6084125572842","0.539704549435159","0.517648640466924","0.457605825024837","0.734553374699698","0.511715608136742","0.86825325904909"
