"","varname","mean_null","random_null","AWIESM1","AWIESM2","CCSM4-UofT","CESM1-2","iLOVECLIM-GLAC","iLOVECLIM-ICE","INM-CM4-8","IPSLCM5A2","MIROC-ES2L","MPI-ESM1-2"
"step1","tas_anom","1","1.39129644569652","3.63180406629498","3.8205416121759","3.80064717690616","1.15939244543168","3.54656137048207","3.71640734239147","3.19650707462095","1.57456403386648","3.61537777551421","3.50699708277005"
"step2","tas_anom","1","1.39129644569652","1.37269586739069","1.15935746786356","2.42422655781395","1.06689335759221","0.949171178632424","0.973676077665242","1.34927720596144","1.43561341699534","1.08987423443995","1.10719290109423"
"step3","tas_anom","1","1.39129644569652","1.50882458769449","1.33526401761155","1.36650471944137","1.27413034980652","1.17636842437007","1.2375886076683","1.23279681893894","1.01026026292104","1.32602637015976","0.958749293958128"
