"","varname","mean_null","random_null","AWIESM1","AWIESM2","CCSM4-UofT","CESM1-2","iLOVECLIM-GLAC","iLOVECLIM-ICE","INM-CM4-8","IPSLCM5A2","MIROC-ES2L","MPI-ESM1-2"
"step1","tas_anom","1","1.38258028176043","1.01907239585354","0.932942416165798","1.33651083860863","1.26591326398893","1.10811086901986","1.04780156241862","0.811695302619573","0.740015418985798","0.893543849651031","0.898070278341971"
"step2","tas_anom","1","1.38258028176043","0.798888017010163","0.762750359372095","1.39226587715854","1.01621333261401","0.848215340463022","0.807763831979299","0.819220540383613","0.691350890441732","0.884413714690036","0.84993705610076"
"step3","tas_anom","1","1.38258028176043","0.839531045026956","0.827108942580052","0.922029901751252","0.825379470345164","0.921777603334047","0.866930887134941","0.65968337752619","0.762867784582905","0.745386997924755","0.823797544247318"
