"","varname","mean_null","random_null","AWIESM1","AWIESM2","CCSM4-UofT","CESM1-2","iLOVECLIM-GLAC","iLOVECLIM-ICE","INM-CM4-8","IPSLCM5A2","MIROC-ES2L","MPI-ESM1-2"
"step1","tas_anom","1","1.49545791971092","5.07176259183853","5.6195728417633","3.47464835967657","2.18153747156226","7.32284090937081","6.72977503689627","2.01094252433909","2.95435001692188","3.63369286849832","4.47421186676304"
"step2","tas_anom","1","1.49545791971092","0.572357623956478","0.573236827979659","1.25190909895153","1.0786143456399","0.965242668112052","1.25847590703174","0.642786206015259","0.518440944384532","1.19468882541609","0.531601891352178"
"step3","tas_anom","1","1.49545791971092","0.560921364432696","0.628742393187136","0.687582206107375","0.596459642912359","1.10085876168531","1.13997167897783","0.48248199935568","0.469061123808729","0.576587862812204","0.538479038821258"
