"","varname","mean_null","random_null","AWIESM1","AWIESM2","CCSM4-UofT","CESM1-2","iLOVECLIM-GLAC","iLOVECLIM-ICE","INM-CM4-8","IPSLCM5A2","MIROC-ES2L","MPI-ESM1-2"
"step1","tas_anom","1","1.38178659435987","2.11771698825893","2.17618120032886","2.71502926748758","1.66160172462105","3.21690398111015","3.09103950437031","1.03158744144601","1.19143289492436","0.75554945359836","1.58440339659601"
"step2","tas_anom","1","1.38178659435987","1.09574179665469","0.900881837030118","2.76752706466688","1.79826262280762","1.11696408140436","1.13728854125968","0.862228777335303","0.937872603454351","0.688174166472656","1.16596098794919"
"step3","tas_anom","1","1.38178659435987","0.882517373473703","0.821598438158996","0.83702702213773","0.909873224903763","1.3578561489517","1.3431295019235","0.808516416541748","1.12335636389106","0.641615056775216","0.776991731205734"
