"","varname","mean_null","random_null","AWIESM1","AWIESM2","CCSM4-UofT","CESM1-2","iLOVECLIM-GLAC","iLOVECLIM-ICE","INM-CM4-8","IPSLCM5A2","MIROC-ES2L","MPI-ESM1-2"
"step1","tas_anom","1","1.46429190395601","5.2749344905473","5.76989779415449","3.87940957243267","2.56470189315033","7.30212775823032","6.78255737255735","2.49791149242421","3.41815642679945","4.04414712966953","4.73848960173822"
"step2","tas_anom","1","1.46429190395601","0.518390223831083","0.545842927553419","1.06951855855322","0.904446747291142","0.901070652523545","1.13013446364269","0.508902941318158","0.379105558332731","1.01327152375869","0.434251008017787"
"step3","tas_anom","1","1.46429190395601","0.499025646171674","0.596897729900798","0.607304094456689","0.47764401274347","1.07633805438806","1.10330813659173","0.394965062334054","0.370250282599674","0.483158441609236","0.430847411883428"
