"","varname","mean_null","random_null","AWIESM1","AWIESM2","CCSM4-UofT","CESM1-2","iLOVECLIM-GLAC","iLOVECLIM-ICE","INM-CM4-8","IPSLCM5A2","MIROC-ES2L","MPI-ESM1-2"
"step1","tas_anom","1","1.36955609138173","4.01080414793705","3.78519846302245","3.31906820997281","1.46014572204319","3.25233349745048","3.25933770325768","2.64999450075354","1.77827703810202","3.28824810007101","3.22642148113534"
"step2","tas_anom","1","1.36955609138173","0.861462771978686","0.822076102334388","1.16676503054366","0.857754508390551","0.532516621341143","0.548809645526146","0.737873491172645","0.872355910422332","0.609835799364364","0.824185142893082"
"step3","tas_anom","1","1.36955609138173","0.837752773536163","0.888971397890615","1.1122249071081","0.82109910131592","0.553625203028475","0.576552643931","0.586959357271827","0.968980384930568","0.573679523784523","0.923910856437169"
